tabela,medida,minerio,pais,iso3,ano,t,nota,alerta
Nióbio e tântalo – minerais,Concentrado (peso bruto),Columbita,Argentina,ARG,1971,2,,
Nióbio e tântalo – minerais,Concentrado (peso bruto),Columbita,Argentina,ARG,1972,0,,
Nióbio e tântalo – minerais,Concentrado (peso bruto),Columbita,Argentina,ARG,1973,1,,
Nióbio e tântalo – minerais,Concentrado (peso bruto),Columbita,Brazil,BRA,1971,63,,
Nióbio e tântalo – minerais,Concentrado (peso bruto),Columbita,Brazil,BRA,1972,299,,
Nióbio e tântalo – minerais,Concentrado (peso bruto),Columbita,Brazil,BRA,2012,20639,Break in series.,Informativo: quebra de série
Nióbio e tântalo – minerais,Concentrado (peso bruto),Columbita,Brazil,BRA,2013,30931,,
Nióbio e tântalo – minerais,Concentrado (peso bruto),Columbita,Brazil,BRA,2014,19713,,
Nióbio e tântalo – minerais,Concentrado (peso bruto),Columbita,Brazil,BRA,2015,17603,,
Nióbio e tântalo – minerais,Concentrado (peso bruto),Columbita,Brazil,BRA,2016,28459,,
Nióbio e tântalo – minerais,Concentrado (peso bruto),Columbita,Brazil,BRA,2017,42679,,
Nióbio e tântalo – minerais,Concentrado (peso bruto),Columbita,Brazil,BRA,2018,12909,,
Nióbio e tântalo – minerais,Concentrado (peso bruto),Columbita,Brazil,BRA,2019,10692,,
Nióbio e tântalo – minerais,Concentrado (peso bruto),Columbita,Brazil,BRA,2020,10070,,
Nióbio e tântalo – minerais,Concentrado (peso bruto),Columbita,Brazil,BRA,2021,11199,,
Nióbio e tântalo – minerais,Concentrado (peso bruto),Columbita,Brazil,BRA,2022,11000,Estimates.,Informativo: estimado
Nióbio e tântalo – minerais,Concentrado (peso bruto),Columbita,Brazil,BRA,2023,11000,Estimates.,Informativo: estimado
Nióbio e tântalo – minerais,Concentrado (peso bruto),Columbita,Brazil,BRA,2024,11000,Estimates.,Informativo: estimado
Nióbio e tântalo – minerais,Concentrado (peso bruto),Columbita,Canada,CAN,1971,1058,Nb2O5 content.,
Nióbio e tântalo – minerais,Concentrado (peso bruto),Columbita,Madagascar,MDG,1999,0,,
Nióbio e tântalo – minerais,Concentrado (peso bruto),Columbita,Madagascar,MDG,2002,0,,
Nióbio e tântalo – minerais,Concentrado (peso bruto),Columbita,Madagascar,MDG,2004,40,,
Nióbio e tântalo – minerais,Concentrado (peso bruto),Columbita,Madagascar,MDG,2007,0,,
Nióbio e tântalo – minerais,Concentrado (peso bruto),Columbita,Madagascar,MDG,2008,0,,
Nióbio e tântalo – minerais,Concentrado (peso bruto),Columbita,Madagascar,MDG,2009,0,,
Nióbio e tântalo – minerais,Concentrado (peso bruto),Columbita,Madagascar,MDG,2010,21,,
Nióbio e tântalo – minerais,Concentrado (peso bruto),Columbita,Madagascar,MDG,2011,8,,
Nióbio e tântalo – minerais,Concentrado (peso bruto),Columbita,Malaysia,MYS,1971,24,,
Nióbio e tântalo – minerais,Concentrado (peso bruto),Columbita,Malaysia,MYS,1972,88,,
Nióbio e tântalo – minerais,Concentrado (peso bruto),Columbita,Malaysia,MYS,1973,92,,
Nióbio e tântalo – minerais,Concentrado (peso bruto),Columbita,Malaysia,MYS,1974,93,,
Nióbio e tântalo – minerais,Concentrado (peso bruto),Columbita,Malaysia,MYS,1975,50,,
Nióbio e tântalo – minerais,Concentrado (peso bruto),Columbita,Malaysia,MYS,1976,46,,
Nióbio e tântalo – minerais,Concentrado (peso bruto),Columbita,Malaysia,MYS,1977,45,,
Nióbio e tântalo – minerais,Concentrado (peso bruto),Columbita,Malaysia,MYS,1978,23,,
Nióbio e tântalo – minerais,Concentrado (peso bruto),Columbita,Malaysia,MYS,1979,40,,
Nióbio e tântalo – minerais,Concentrado (peso bruto),Columbita,Malaysia,MYS,1980,33,,
Nióbio e tântalo – minerais,Concentrado (peso bruto),Columbita,Malaysia,MYS,1981,23,,
Nióbio e tântalo – minerais,Concentrado (peso bruto),Columbita,Malaysia,MYS,1982,8,,
Nióbio e tântalo – minerais,Concentrado (peso bruto),Columbita,Malaysia,MYS,1983,67,,
Nióbio e tântalo – minerais,Concentrado (peso bruto),Columbita,Malaysia,MYS,1984,50,,
Nióbio e tântalo – minerais,Concentrado (peso bruto),Columbita,Malaysia,MYS,1985,76,,
Nióbio e tântalo – minerais,Concentrado (peso bruto),Columbita,Malaysia,MYS,1986,34,,
Nióbio e tântalo – minerais,Concentrado (peso bruto),Columbita,Malaysia,MYS,1987,228,,
Nióbio e tântalo – minerais,Concentrado (peso bruto),Columbita,Nigeria,NGA,1971,1380,,
Nióbio e tântalo – minerais,Concentrado (peso bruto),Columbita,Nigeria,NGA,1972,1361,,
Nióbio e tântalo – minerais,Concentrado (peso bruto),Columbita,Nigeria,NGA,1973,1240,,
Nióbio e tântalo – minerais,Concentrado (peso bruto),Columbita,Nigeria,NGA,1974,1193,,
Nióbio e tântalo – minerais,Concentrado (peso bruto),Columbita,Nigeria,NGA,1975,991,,
Nióbio e tântalo – minerais,Concentrado (peso bruto),Columbita,Nigeria,NGA,1976,670,,
Nióbio e tântalo – minerais,Concentrado (peso bruto),Columbita,Nigeria,NGA,1977,860,,
Nióbio e tântalo – minerais,Concentrado (peso bruto),Columbita,Nigeria,NGA,1978,669,,
Nióbio e tântalo – minerais,Concentrado (peso bruto),Columbita,Nigeria,NGA,1979,580,,
Nióbio e tântalo – minerais,Concentrado (peso bruto),Columbita,Nigeria,NGA,1980,555,,
Nióbio e tântalo – minerais,Concentrado (peso bruto),Columbita,Nigeria,NGA,1981,380,,
Nióbio e tântalo – minerais,Concentrado (peso bruto),Columbita,Nigeria,NGA,1982,169,,
Nióbio e tântalo – minerais,Concentrado (peso bruto),Columbita,Nigeria,NGA,1983,80,,
Nióbio e tântalo – minerais,Concentrado (peso bruto),Columbita,Nigeria,NGA,1984,126,,
Nióbio e tântalo – minerais,Concentrado (peso bruto),Columbita,Nigeria,NGA,1985,101,,
Nióbio e tântalo – minerais,Concentrado (peso bruto),Columbita,Nigeria,NGA,1986,13,,
Nióbio e tântalo – minerais,Concentrado (peso bruto),Columbita,Nigeria,NGA,1987,48,,
Nióbio e tântalo – minerais,Concentrado (peso bruto),Columbita,Nigeria,NGA,1988,56,,
Nióbio e tântalo – minerais,Concentrado (peso bruto),Columbita,Nigeria,NGA,1989,44,,
Nióbio e tântalo – minerais,Concentrado (peso bruto),Columbita,Nigeria,NGA,1990,45,,
Nióbio e tântalo – minerais,Concentrado (peso bruto),Columbita,Nigeria,NGA,1991,36,,
Nióbio e tântalo – minerais,Concentrado (peso bruto),Columbita,Nigeria,NGA,1992,38,"Content of Nb, Ta: 43%, 6%.",
Nióbio e tântalo – minerais,Concentrado (peso bruto),Columbita,Nigeria,NGA,1993,16,"Content of Nb, Ta: 43%, 6%.",
Nióbio e tântalo – minerais,Concentrado (peso bruto),Columbita,Nigeria,NGA,1994,17,"Content of Nb, Ta: 43%, 6%.",
Nióbio e tântalo – minerais,Concentrado (peso bruto),Columbita,Nigeria,NGA,1995,65,"Content of Nb, Ta: 43%, 6%.",
Nióbio e tântalo – minerais,Concentrado (peso bruto),Columbita,Nigeria,NGA,1996,57,"Content of Nb, Ta: 43%, 6%.",
Nióbio e tântalo – minerais,Concentrado (peso bruto),Columbita,Nigeria,NGA,1997,496,"Content of Nb, Ta: 43%, 6%.",
Nióbio e tântalo – minerais,Concentrado (peso bruto),Columbita,Nigeria,NGA,1998,9,"Content of Nb, Ta: 43%, 6%.",
Nióbio e tântalo – minerais,Concentrado (peso bruto),Columbita,Nigeria,NGA,2005,45,,
Nióbio e tântalo – minerais,Concentrado (peso bruto),Columbita,Nigeria,NGA,2006,387,,
Nióbio e tântalo – minerais,Concentrado (peso bruto),Columbita,Nigeria,NGA,2007,180,,
Nióbio e tântalo – minerais,Concentrado (peso bruto),Columbita,Nigeria,NGA,2008,335,,
Nióbio e tântalo – minerais,Concentrado (peso bruto),Columbita,Nigeria,NGA,2009,300,Estimates.,Informativo: estimado
Nióbio e tântalo – minerais,Concentrado (peso bruto),Columbita,Nigeria,NGA,2010,128,,
Nióbio e tântalo – minerais,Concentrado (peso bruto),Columbita,Nigeria,NGA,2011,22,,
Nióbio e tântalo – minerais,Concentrado (peso bruto),Columbita,Nigeria,NGA,2012,22,,
Nióbio e tântalo – minerais,Concentrado (peso bruto),Columbita,Nigeria,NGA,2013,21,,
Nióbio e tântalo – minerais,Concentrado (peso bruto),Columbita,Nigeria,NGA,2014,22,Estimates.,Informativo: estimado
Nióbio e tântalo – minerais,Concentrado (peso bruto),Columbita,Nigeria,NGA,2015,289,,
Nióbio e tântalo – minerais,Concentrado (peso bruto),Columbita,Nigeria,NGA,2016,264,,
Nióbio e tântalo – minerais,Concentrado (peso bruto),Columbita,Nigeria,NGA,2017,1222,,
Nióbio e tântalo – minerais,Concentrado (peso bruto),Columbita,Nigeria,NGA,2018,1814,,
Nióbio e tântalo – minerais,Concentrado (peso bruto),Columbita,Nigeria,NGA,2019,1721,,
Nióbio e tântalo – minerais,Concentrado (peso bruto),Columbita,Nigeria,NGA,2020,409,,
Nióbio e tântalo – minerais,Concentrado (peso bruto),Columbita,Nigeria,NGA,2021,1378,,
Nióbio e tântalo – minerais,Concentrado (peso bruto),Columbita,Nigeria,NGA,2022,5899,,
Nióbio e tântalo – minerais,Concentrado (peso bruto),Columbita,Nigeria,NGA,2023,1860,,
Nióbio e tântalo – minerais,Concentrado (peso bruto),Columbita,Nigeria,NGA,2024,1900,Estimates.,Informativo: estimado
Nióbio e tântalo – minerais,Concentrado (peso bruto),Columbita,Sierra Leone,SLE,2020,400,Estimates.,Informativo: estimado
Nióbio e tântalo – minerais,Concentrado (peso bruto),Columbita,Sierra Leone,SLE,2021,400,Estimates.,Informativo: estimado
Nióbio e tântalo – minerais,Concentrado (peso bruto),Columbita,Sierra Leone,SLE,2022,400,Estimates.,Informativo: estimado
Nióbio e tântalo – minerais,Concentrado (peso bruto),Columbita,Sierra Leone,SLE,2023,400,Estimates.,Informativo: estimado
Nióbio e tântalo – minerais,Concentrado (peso bruto),Columbita,Sierra Leone,SLE,2024,300,Estimates.,Informativo: estimado
Nióbio e tântalo – minerais,Concentrado (peso bruto),Columbita,Thailand,THA,1971,21,,
Nióbio e tântalo – minerais,Concentrado (peso bruto),Columbita,Thailand,THA,1972,7,,
Nióbio e tântalo – minerais,Concentrado (peso bruto),Columbita,Thailand,THA,1973,8,,
Nióbio e tântalo – minerais,Concentrado (peso bruto),Columbita,Thailand,THA,1974,10,,
Nióbio e tântalo – minerais,Concentrado (peso bruto),Columbita,Thailand,THA,1975,7,,
Nióbio e tântalo – minerais,Concentrado (peso bruto),Columbita,Thailand,THA,1976,40,,
Nióbio e tântalo – minerais,Concentrado (peso bruto),Columbita,Thailand,THA,1977,115,,
Nióbio e tântalo – minerais,Concentrado (peso bruto),Columbita,Thailand,THA,1978,64,,
Nióbio e tântalo – minerais,Concentrado (peso bruto),Columbita,Thailand,THA,1979,382,,
Nióbio e tântalo – minerais,Concentrado (peso bruto),Columbita,Thailand,THA,1980,213,"Content of Nb, Ta: 27%, 16%.",
Nióbio e tântalo – minerais,Conteúdo de Nb,Columbita – conteúdo de Nb,Brazil,BRA,2012,2725,,
Nióbio e tântalo – minerais,Conteúdo de Nb,Columbita – conteúdo de Nb,Brazil,BRA,2013,4084,,
Nióbio e tântalo – minerais,Conteúdo de Nb,Columbita – conteúdo de Nb,Brazil,BRA,2014,2603,,
Nióbio e tântalo – minerais,Conteúdo de Nb,Columbita – conteúdo de Nb,Brazil,BRA,2015,2325,,
Nióbio e tântalo – minerais,Conteúdo de Nb,Columbita – conteúdo de Nb,Brazil,BRA,2016,3676,,
Nióbio e tântalo – minerais,Conteúdo de Nb,Columbita – conteúdo de Nb,Brazil,BRA,2017,4353,,
Nióbio e tântalo – minerais,Conteúdo de Nb,Columbita – conteúdo de Nb,Brazil,BRA,2018,4512,,
Nióbio e tântalo – minerais,Conteúdo de Nb,Columbita – conteúdo de Nb,Brazil,BRA,2019,3737,,
Nióbio e tântalo – minerais,Conteúdo de Nb,Columbita – conteúdo de Nb,Brazil,BRA,2020,3614,,
Nióbio e tântalo – minerais,Conteúdo de Nb,Columbita – conteúdo de Nb,Brazil,BRA,2021,3915,,
Nióbio e tântalo – minerais,Conteúdo de Nb,Columbita – conteúdo de Nb,Brazil,BRA,2022,3845,Estimates.,Informativo: estimado
Nióbio e tântalo – minerais,Conteúdo de Nb,Columbita – conteúdo de Nb,Brazil,BRA,2023,3845,Estimates.,Informativo: estimado
Nióbio e tântalo – minerais,Conteúdo de Nb,Columbita – conteúdo de Nb,Brazil,BRA,2024,3845,Estimates.,Informativo: estimado
Nióbio e tântalo – minerais,Conteúdo de Nb,Columbita – conteúdo de Nb,Nigeria,NGA,2012,9,,
Nióbio e tântalo – minerais,Conteúdo de Nb,Columbita – conteúdo de Nb,Nigeria,NGA,2013,8,,
Nióbio e tântalo – minerais,Conteúdo de Nb,Columbita – conteúdo de Nb,Nigeria,NGA,2014,9,Estimates.,Informativo: estimado
Nióbio e tântalo – minerais,Conteúdo de Nb,Columbita – conteúdo de Nb,Nigeria,NGA,2015,9,Estimates.,Informativo: estimado
Nióbio e tântalo – minerais,Conteúdo de Nb,Columbita – conteúdo de Nb,Nigeria,NGA,2016,103,,
Nióbio e tântalo – minerais,Conteúdo de Nb,Columbita – conteúdo de Nb,Nigeria,NGA,2017,476,,
Nióbio e tântalo – minerais,Conteúdo de Nb,Columbita – conteúdo de Nb,Nigeria,NGA,2018,706,,
Nióbio e tântalo – minerais,Conteúdo de Nb,Columbita – conteúdo de Nb,Nigeria,NGA,2019,670,,
Nióbio e tântalo – minerais,Conteúdo de Nb,Columbita – conteúdo de Nb,Nigeria,NGA,2020,159,,
Nióbio e tântalo – minerais,Conteúdo de Nb,Columbita – conteúdo de Nb,Nigeria,NGA,2021,537,,
Nióbio e tântalo – minerais,Conteúdo de Nb,Columbita – conteúdo de Nb,Nigeria,NGA,2022,2297,,
Nióbio e tântalo – minerais,Conteúdo de Nb,Columbita – conteúdo de Nb,Nigeria,NGA,2023,724,,
Nióbio e tântalo – minerais,Conteúdo de Nb,Columbita – conteúdo de Nb,Nigeria,NGA,2024,740,Estimates.,Informativo: estimado
Nióbio e tântalo – minerais,Conteúdo de Nb,Columbita – conteúdo de Nb,Sierra Leone,SLE,2020,21,Estimates.,Informativo: estimado
Nióbio e tântalo – minerais,Conteúdo de Nb,Columbita – conteúdo de Nb,Sierra Leone,SLE,2021,21,Estimates.,Informativo: estimado
Nióbio e tântalo – minerais,Conteúdo de Nb,Columbita – conteúdo de Nb,Sierra Leone,SLE,2022,21,Estimates.,Informativo: estimado
Nióbio e tântalo – minerais,Conteúdo de Nb,Columbita – conteúdo de Nb,Sierra Leone,SLE,2023,21,Estimates.,Informativo: estimado
Nióbio e tântalo – minerais,Conteúdo de Nb,Columbita – conteúdo de Nb,Sierra Leone,SLE,2024,16,Estimates.,Informativo: estimado
Nióbio e tântalo – minerais,Conteúdo de Ta,Columbita – conteúdo de Ta,Nigeria,NGA,2012,3,,
Nióbio e tântalo – minerais,Conteúdo de Ta,Columbita – conteúdo de Ta,Nigeria,NGA,2013,3,,
Nióbio e tântalo – minerais,Conteúdo de Ta,Columbita – conteúdo de Ta,Nigeria,NGA,2014,3,Estimates.,Informativo: estimado
Nióbio e tântalo – minerais,Conteúdo de Ta,Columbita – conteúdo de Ta,Nigeria,NGA,2015,3,Estimates.,Informativo: estimado
Nióbio e tântalo – minerais,Conteúdo de Ta,Columbita – conteúdo de Ta,Nigeria,NGA,2016,41,,
Nióbio e tântalo – minerais,Conteúdo de Ta,Columbita – conteúdo de Ta,Nigeria,NGA,2017,189,,
Nióbio e tântalo – minerais,Conteúdo de Ta,Columbita – conteúdo de Ta,Nigeria,NGA,2018,281,,
Nióbio e tântalo – minerais,Conteúdo de Ta,Columbita – conteúdo de Ta,Nigeria,NGA,2019,266,,
Nióbio e tântalo – minerais,Conteúdo de Ta,Columbita – conteúdo de Ta,Nigeria,NGA,2020,63,,
Nióbio e tântalo – minerais,Conteúdo de Ta,Columbita – conteúdo de Ta,Nigeria,NGA,2021,213,,
Nióbio e tântalo – minerais,Conteúdo de Ta,Columbita – conteúdo de Ta,Nigeria,NGA,2022,913,,
Nióbio e tântalo – minerais,Conteúdo de Ta,Columbita – conteúdo de Ta,Nigeria,NGA,2023,288,,
Nióbio e tântalo – minerais,Conteúdo de Ta,Columbita – conteúdo de Ta,Nigeria,NGA,2024,294,Estimates.,Informativo: estimado
Nióbio e tântalo – minerais,Conteúdo de Ta,Columbita – conteúdo de Ta,Sierra Leone,SLE,2020,16,Estimates.,Informativo: estimado
Nióbio e tântalo – minerais,Conteúdo de Ta,Columbita – conteúdo de Ta,Sierra Leone,SLE,2021,16,Estimates.,Informativo: estimado
Nióbio e tântalo – minerais,Conteúdo de Ta,Columbita – conteúdo de Ta,Sierra Leone,SLE,2022,16,Estimates.,Informativo: estimado
Nióbio e tântalo – minerais,Conteúdo de Ta,Columbita – conteúdo de Ta,Sierra Leone,SLE,2023,16,Estimates.,Informativo: estimado
Nióbio e tântalo – minerais,Conteúdo de Ta,Columbita – conteúdo de Ta,Sierra Leone,SLE,2024,12,Estimates.,Informativo: estimado
Nióbio e tântalo – minerais,Concentrado (peso bruto),Columbita-tantalita,Australia,AUS,1971,75,Sales.,
Nióbio e tântalo – minerais,Concentrado (peso bruto),Columbita-tantalita,Australia,AUS,1972,270,Sales.,
Nióbio e tântalo – minerais,Concentrado (peso bruto),Columbita-tantalita,Australia,AUS,1973,200,Sales.,
Nióbio e tântalo – minerais,Concentrado (peso bruto),Columbita-tantalita,Australia,AUS,1974,138,,
Nióbio e tântalo – minerais,Concentrado (peso bruto),Columbita-tantalita,Australia,AUS,1975,150,,
Nióbio e tântalo – minerais,Concentrado (peso bruto),Columbita-tantalita,Australia,AUS,1976,118,,
Nióbio e tântalo – minerais,Concentrado (peso bruto),Columbita-tantalita,Australia,AUS,1977,157,,
Nióbio e tântalo – minerais,Concentrado (peso bruto),Columbita-tantalita,Australia,AUS,1978,139,,
Nióbio e tântalo – minerais,Concentrado (peso bruto),Columbita-tantalita,Australia,AUS,1979,147,,
Nióbio e tântalo – minerais,Concentrado (peso bruto),Columbita-tantalita,Australia,AUS,1980,202,,
Nióbio e tântalo – minerais,Concentrado (peso bruto),Columbita-tantalita,Australia,AUS,1981,264,,
Nióbio e tântalo – minerais,Concentrado (peso bruto),Columbita-tantalita,Australia,AUS,1982,166,,
Nióbio e tântalo – minerais,Concentrado (peso bruto),Columbita-tantalita,Australia,AUS,1983,117,,
Nióbio e tântalo – minerais,Concentrado (peso bruto),Columbita-tantalita,Australia,AUS,1984,145,,
Nióbio e tântalo – minerais,Concentrado (peso bruto),Columbita-tantalita,Australia,AUS,1985,110,,
Nióbio e tântalo – minerais,Concentrado (peso bruto),Columbita-tantalita,Australia,AUS,1986,140,,
Nióbio e tântalo – minerais,Concentrado (peso bruto),Columbita-tantalita,Australia,AUS,1987,121,,
Nióbio e tântalo – minerais,Concentrado (peso bruto),Columbita-tantalita,Australia,AUS,1988,277,,
Nióbio e tântalo – minerais,Concentrado (peso bruto),Columbita-tantalita,Australia,AUS,1989,555,,
Nióbio e tântalo – minerais,Concentrado (peso bruto),Columbita-tantalita,Australia,AUS,1990,573,,
Nióbio e tântalo – minerais,Concentrado (peso bruto),Columbita-tantalita,Australia,AUS,1991,668,,
Nióbio e tântalo – minerais,Concentrado (peso bruto),Columbita-tantalita,Australia,AUS,1992,925,"Content of Nb, Ta: 40%, 10%",
Nióbio e tântalo – minerais,Concentrado (peso bruto),Columbita-tantalita,Brazil,BRA,1973,169,,
Nióbio e tântalo – minerais,Concentrado (peso bruto),Columbita-tantalita,Brazil,BRA,1974,92,,
Nióbio e tântalo – minerais,Concentrado (peso bruto),Columbita-tantalita,Brazil,BRA,1975,100,,
Nióbio e tântalo – minerais,Concentrado (peso bruto),Columbita-tantalita,Brazil,BRA,1976,198,,
Nióbio e tântalo – minerais,Concentrado (peso bruto),Columbita-tantalita,Brazil,BRA,1977,137,,
Nióbio e tântalo – minerais,Concentrado (peso bruto),Columbita-tantalita,Brazil,BRA,1978,203,,
Nióbio e tântalo – minerais,Concentrado (peso bruto),Columbita-tantalita,Brazil,BRA,1979,374,,
Nióbio e tântalo – minerais,Concentrado (peso bruto),Columbita-tantalita,Brazil,BRA,1980,538,,
Nióbio e tântalo – minerais,Concentrado (peso bruto),Columbita-tantalita,Brazil,BRA,1981,299,,
Nióbio e tântalo – minerais,Concentrado (peso bruto),Columbita-tantalita,Brazil,BRA,1982,201,,
Nióbio e tântalo – minerais,Concentrado (peso bruto),Columbita-tantalita,Brazil,BRA,1983,264,,
Nióbio e tântalo – minerais,Concentrado (peso bruto),Columbita-tantalita,Brazil,BRA,1984,170,,
Nióbio e tântalo – minerais,Concentrado (peso bruto),Columbita-tantalita,Brazil,BRA,1985,323,,
Nióbio e tântalo – minerais,Concentrado (peso bruto),Columbita-tantalita,Brazil,BRA,1986,414,,
Nióbio e tântalo – minerais,Concentrado (peso bruto),Columbita-tantalita,Brazil,BRA,1987,446,,
Nióbio e tântalo – minerais,Concentrado (peso bruto),Columbita-tantalita,Brazil,BRA,1988,402,,
Nióbio e tântalo – minerais,Concentrado (peso bruto),Columbita-tantalita,Brazil,BRA,1989,480,,
Nióbio e tântalo – minerais,Concentrado (peso bruto),Columbita-tantalita,Brazil,BRA,1990,310,,
Nióbio e tântalo – minerais,Concentrado (peso bruto),Columbita-tantalita,Brazil,BRA,1991,290,,
Nióbio e tântalo – minerais,Concentrado (peso bruto),Columbita-tantalita,Brazil,BRA,1992,200,"Estimates. | Content of Nb, Ta: 40%, 10%",Informativo: estimado
Nióbio e tântalo – minerais,Concentrado (peso bruto),Columbita-tantalita,Brazil,BRA,1993,175,"Estimates. | Content of Nb, Ta: 40%, 10%",Informativo: estimado
Nióbio e tântalo – minerais,Concentrado (peso bruto),Columbita-tantalita,Brazil,BRA,1994,175,"Estimates. | Content of Nb, Ta: 40%, 10%",Informativo: estimado
Nióbio e tântalo – minerais,Concentrado (peso bruto),Columbita-tantalita,Brazil,BRA,1995,175,"Estimates. | Content of Nb, Ta: 40%, 10%",Informativo: estimado
Nióbio e tântalo – minerais,Concentrado (peso bruto),Columbita-tantalita,Brazil,BRA,1996,190,Estimates.,Informativo: estimado
Nióbio e tântalo – minerais,Concentrado (peso bruto),Columbita-tantalita,Brazil,BRA,1997,180,Estimates.,Informativo: estimado
Nióbio e tântalo – minerais,Concentrado (peso bruto),Columbita-tantalita,Brazil,BRA,1998,370,Estimates.,Informativo: estimado
Nióbio e tântalo – minerais,Concentrado (peso bruto),Columbita-tantalita,Brazil,BRA,1999,380,Estimates.,Informativo: estimado
Nióbio e tântalo – minerais,Concentrado (peso bruto),Columbita-tantalita,Brazil,BRA,2000,460,Estimates.,Informativo: estimado
Nióbio e tântalo – minerais,Concentrado (peso bruto),Columbita-tantalita,Brazil,BRA,2001,520,Estimates.,Informativo: estimado
Nióbio e tântalo – minerais,Concentrado (peso bruto),Columbita-tantalita,Brazil,BRA,2002,410,Estimates.,Informativo: estimado
Nióbio e tântalo – minerais,Concentrado (peso bruto),Columbita-tantalita,Brazil,BRA,2003,440,Estimates.,Informativo: estimado
Nióbio e tântalo – minerais,Concentrado (peso bruto),Columbita-tantalita,Brazil,BRA,2004,490,Estimates.,Informativo: estimado
Nióbio e tântalo – minerais,Concentrado (peso bruto),Columbita-tantalita,Brazil,BRA,2005,470,Estimates.,Informativo: estimado
Nióbio e tântalo – minerais,Concentrado (peso bruto),Columbita-tantalita,Brazil,BRA,2006,380,Estimates.,Informativo: estimado
Nióbio e tântalo – minerais,Concentrado (peso bruto),Columbita-tantalita,Brazil,BRA,2007,420,Estimates.,Informativo: estimado
Nióbio e tântalo – minerais,Concentrado (peso bruto),Columbita-tantalita,Brazil,BRA,2008,440,Estimates.,Informativo: estimado
Nióbio e tântalo – minerais,Concentrado (peso bruto),Columbita-tantalita,Brazil,BRA,2009,250,Estimates.,Informativo: estimado
Nióbio e tântalo – minerais,Concentrado (peso bruto),Columbita-tantalita,Brazil,BRA,2010,310,Estimates.,Informativo: estimado
Nióbio e tântalo – minerais,Concentrado (peso bruto),Columbita-tantalita,Brazil,BRA,2011,240,Estimates.,Informativo: estimado
Nióbio e tântalo – minerais,Concentrado (peso bruto),Columbita-tantalita,Burundi,BDI,1995,42,,
Nióbio e tântalo – minerais,Concentrado (peso bruto),Columbita-tantalita,Burundi,BDI,1996,37,,
Nióbio e tântalo – minerais,Concentrado (peso bruto),Columbita-tantalita,Burundi,BDI,1997,46,,
Nióbio e tântalo – minerais,Concentrado (peso bruto),Columbita-tantalita,Burundi,BDI,1998,30,,
Nióbio e tântalo – minerais,Concentrado (peso bruto),Columbita-tantalita,Burundi,BDI,1999,42,,
Nióbio e tântalo – minerais,Concentrado (peso bruto),Columbita-tantalita,Burundi,BDI,2000,31,,
Nióbio e tântalo – minerais,Concentrado (peso bruto),Columbita-tantalita,Burundi,BDI,2001,123,,
Nióbio e tântalo – minerais,Concentrado (peso bruto),Columbita-tantalita,Burundi,BDI,2002,72,,
Nióbio e tântalo – minerais,Concentrado (peso bruto),Columbita-tantalita,Burundi,BDI,2003,24,,
Nióbio e tântalo – minerais,Concentrado (peso bruto),Columbita-tantalita,Burundi,BDI,2004,23,,
Nióbio e tântalo – minerais,Concentrado (peso bruto),Columbita-tantalita,Burundi,BDI,2005,43,,
Nióbio e tântalo – minerais,Concentrado (peso bruto),Columbita-tantalita,Burundi,BDI,2006,16,,
Nióbio e tântalo – minerais,Concentrado (peso bruto),Columbita-tantalita,Burundi,BDI,2007,52,,
Nióbio e tântalo – minerais,Concentrado (peso bruto),Columbita-tantalita,Burundi,BDI,2008,117,,
Nióbio e tântalo – minerais,Concentrado (peso bruto),Columbita-tantalita,Burundi,BDI,2009,44,,
Nióbio e tântalo – minerais,Concentrado (peso bruto),Columbita-tantalita,Burundi,BDI,2010,29,,
Nióbio e tântalo – minerais,Concentrado (peso bruto),Columbita-tantalita,Burundi,BDI,2011,159,,
Nióbio e tântalo – minerais,Concentrado (peso bruto),Columbita-tantalita,Burundi,BDI,2012,259,,
Nióbio e tântalo – minerais,Concentrado (peso bruto),Columbita-tantalita,Burundi,BDI,2013,74,,
Nióbio e tântalo – minerais,Concentrado (peso bruto),Columbita-tantalita,Burundi,BDI,2014,106,,
Nióbio e tântalo – minerais,Concentrado (peso bruto),Columbita-tantalita,Burundi,BDI,2015,53,,
Nióbio e tântalo – minerais,Concentrado (peso bruto),Columbita-tantalita,Burundi,BDI,2016,32,,
Nióbio e tântalo – minerais,Concentrado (peso bruto),Columbita-tantalita,Burundi,BDI,2017,74,,
Nióbio e tântalo – minerais,Concentrado (peso bruto),Columbita-tantalita,Burundi,BDI,2018,22,,
Nióbio e tântalo – minerais,Concentrado (peso bruto),Columbita-tantalita,Burundi,BDI,2019,22,,
Nióbio e tântalo – minerais,Concentrado (peso bruto),Columbita-tantalita,Burundi,BDI,2020,21,,
Nióbio e tântalo – minerais,Concentrado (peso bruto),Columbita-tantalita,Burundi,BDI,2021,42,,
Nióbio e tântalo – minerais,Concentrado (peso bruto),Columbita-tantalita,Burundi,BDI,2022,10,,
Nióbio e tântalo – minerais,Concentrado (peso bruto),Columbita-tantalita,Burundi,BDI,2023,6,,
Nióbio e tântalo – minerais,Concentrado (peso bruto),Columbita-tantalita,Burundi,BDI,2024,3,,
Nióbio e tântalo – minerais,Concentrado (peso bruto),Columbita-tantalita,China,CHN,1995,34,,
Nióbio e tântalo – minerais,Concentrado (peso bruto),Columbita-tantalita,China,CHN,1996,45,,
Nióbio e tântalo – minerais,Concentrado (peso bruto),Columbita-tantalita,China,CHN,1998,175,,
Nióbio e tântalo – minerais,Concentrado (peso bruto),Columbita-tantalita,China,CHN,1999,201,,
Nióbio e tântalo – minerais,Concentrado (peso bruto),Columbita-tantalita,China,CHN,2000,217,,
Nióbio e tântalo – minerais,Concentrado (peso bruto),Columbita-tantalita,China,CHN,2001,357,,
Nióbio e tântalo – minerais,Concentrado (peso bruto),Columbita-tantalita,China,CHN,2002,350,Estimates.,Informativo: estimado
Nióbio e tântalo – minerais,Concentrado (peso bruto),Columbita-tantalita,China,CHN,2003,350,Estimates.,Informativo: estimado
Nióbio e tântalo – minerais,Concentrado (peso bruto),Columbita-tantalita,China,CHN,2004,350,Estimates.,Informativo: estimado
Nióbio e tântalo – minerais,Concentrado (peso bruto),Columbita-tantalita,China,CHN,2005,350,Estimates.,Informativo: estimado
Nióbio e tântalo – minerais,Concentrado (peso bruto),Columbita-tantalita,China,CHN,2006,350,Estimates.,Informativo: estimado
Nióbio e tântalo – minerais,Concentrado (peso bruto),Columbita-tantalita,China,CHN,2007,350,Estimates.,Informativo: estimado
Nióbio e tântalo – minerais,Concentrado (peso bruto),Columbita-tantalita,China,CHN,2008,350,Estimates.,Informativo: estimado
Nióbio e tântalo – minerais,Concentrado (peso bruto),Columbita-tantalita,China,CHN,2009,350,Estimates.,Informativo: estimado
Nióbio e tântalo – minerais,Concentrado (peso bruto),Columbita-tantalita,China,CHN,2010,350,Estimates.,Informativo: estimado
Nióbio e tântalo – minerais,Concentrado (peso bruto),Columbita-tantalita,China,CHN,2011,170,Estimates.,Informativo: estimado
Nióbio e tântalo – minerais,Concentrado (peso bruto),Columbita-tantalita,China,CHN,2012,180,Estimates.,Informativo: estimado
Nióbio e tântalo – minerais,Concentrado (peso bruto),Columbita-tantalita,China,CHN,2013,190,Estimates.,Informativo: estimado
Nióbio e tântalo – minerais,Concentrado (peso bruto),Columbita-tantalita,China,CHN,2014,240,Estimates.,Informativo: estimado
Nióbio e tântalo – minerais,Concentrado (peso bruto),Columbita-tantalita,China,CHN,2015,250,Estimates.,Informativo: estimado
Nióbio e tântalo – minerais,Concentrado (peso bruto),Columbita-tantalita,China,CHN,2016,260,Estimates.,Informativo: estimado
Nióbio e tântalo – minerais,Concentrado (peso bruto),Columbita-tantalita,China,CHN,2017,300,Estimates.,Informativo: estimado
Nióbio e tântalo – minerais,Concentrado (peso bruto),Columbita-tantalita,China,CHN,2018,360,Estimates.,Informativo: estimado
Nióbio e tântalo – minerais,Concentrado (peso bruto),Columbita-tantalita,China,CHN,2019,304,Estimates.,Informativo: estimado
Nióbio e tântalo – minerais,Concentrado (peso bruto),Columbita-tantalita,China,CHN,2020,296,Estimates.,Informativo: estimado
Nióbio e tântalo – minerais,Concentrado (peso bruto),Columbita-tantalita,China,CHN,2021,304,Estimates.,Informativo: estimado
Nióbio e tântalo – minerais,Concentrado (peso bruto),Columbita-tantalita,China,CHN,2022,300,Estimates.,Informativo: estimado
Nióbio e tântalo – minerais,Concentrado (peso bruto),Columbita-tantalita,China,CHN,2023,312,Estimates.,Informativo: estimado
Nióbio e tântalo – minerais,Concentrado (peso bruto),Columbita-tantalita,China,CHN,2024,304,Estimates.,Informativo: estimado
Nióbio e tântalo – minerais,Concentrado (peso bruto),Columbita-tantalita,"Congo, Democratic Republic",COD,1992,29,"Content of Nb, Ta: 27%, 27%.",
Nióbio e tântalo – minerais,Concentrado (peso bruto),Columbita-tantalita,"Congo, Democratic Republic",COD,1993,20,"Content of Nb, Ta: 27%, 27%.",
Nióbio e tântalo – minerais,Concentrado (peso bruto),Columbita-tantalita,"Congo, Democratic Republic",COD,2002,130,Estimates.,Informativo: estimado
Nióbio e tântalo – minerais,Concentrado (peso bruto),Columbita-tantalita,"Congo, Democratic Republic",COD,2003,113,,
Nióbio e tântalo – minerais,Concentrado (peso bruto),Columbita-tantalita,"Congo, Democratic Republic",COD,2004,74,,
Nióbio e tântalo – minerais,Concentrado (peso bruto),Columbita-tantalita,"Congo, Democratic Republic",COD,2005,124,,
Nióbio e tântalo – minerais,Concentrado (peso bruto),Columbita-tantalita,"Congo, Democratic Republic",COD,2006,52,,
Nióbio e tântalo – minerais,Concentrado (peso bruto),Columbita-tantalita,"Congo, Democratic Republic",COD,2007,267,,
Nióbio e tântalo – minerais,Concentrado (peso bruto),Columbita-tantalita,"Congo, Democratic Republic",COD,2008,509,,
Nióbio e tântalo – minerais,Concentrado (peso bruto),Columbita-tantalita,"Congo, Democratic Republic",COD,2009,490,,
Nióbio e tântalo – minerais,Concentrado (peso bruto),Columbita-tantalita,"Congo, Democratic Republic",COD,2010,279,,
Nióbio e tântalo – minerais,Concentrado (peso bruto),Columbita-tantalita,"Congo, Democratic Republic",COD,2011,383,,
Nióbio e tântalo – minerais,Concentrado (peso bruto),Columbita-tantalita,"Congo, Democratic Republic",COD,2012,586,,
Nióbio e tântalo – minerais,Concentrado (peso bruto),Columbita-tantalita,"Congo, Democratic Republic",COD,2013,500,,
Nióbio e tântalo – minerais,Concentrado (peso bruto),Columbita-tantalita,"Congo, Democratic Republic",COD,2014,1140,,
Nióbio e tântalo – minerais,Concentrado (peso bruto),Columbita-tantalita,"Congo, Democratic Republic",COD,2015,2102,,
Nióbio e tântalo – minerais,Concentrado (peso bruto),Columbita-tantalita,"Congo, Democratic Republic",COD,2016,2414,,
Nióbio e tântalo – minerais,Concentrado (peso bruto),Columbita-tantalita,"Congo, Democratic Republic",COD,2017,1996,,
Nióbio e tântalo – minerais,Concentrado (peso bruto),Columbita-tantalita,"Congo, Democratic Republic",COD,2018,2267,,
Nióbio e tântalo – minerais,Concentrado (peso bruto),Columbita-tantalita,"Congo, Democratic Republic",COD,2019,1256,,
Nióbio e tântalo – minerais,Concentrado (peso bruto),Columbita-tantalita,"Congo, Democratic Republic",COD,2020,1712,,
Nióbio e tântalo – minerais,Concentrado (peso bruto),Columbita-tantalita,"Congo, Democratic Republic",COD,2021,2422,,
Nióbio e tântalo – minerais,Concentrado (peso bruto),Columbita-tantalita,"Congo, Democratic Republic",COD,2022,2435,,
Nióbio e tântalo – minerais,Concentrado (peso bruto),Columbita-tantalita,"Congo, Democratic Republic",COD,2023,1795,,
Nióbio e tântalo – minerais,Concentrado (peso bruto),Columbita-tantalita,"Congo, Democratic Republic",COD,2024,2849,,
Nióbio e tântalo – minerais,Concentrado (peso bruto),Columbita-tantalita,Mozambique,MOZ,1971,74,,
Nióbio e tântalo – minerais,Concentrado (peso bruto),Columbita-tantalita,Mozambique,MOZ,1972,54,,
Nióbio e tântalo – minerais,Concentrado (peso bruto),Columbita-tantalita,Mozambique,MOZ,1973,46,,
Nióbio e tântalo – minerais,Concentrado (peso bruto),Columbita-tantalita,Mozambique,MOZ,1974,46,,
Nióbio e tântalo – minerais,Concentrado (peso bruto),Columbita-tantalita,Mozambique,MOZ,2014,23,,
Nióbio e tântalo – minerais,Concentrado (peso bruto),Columbita-tantalita,Mozambique,MOZ,2015,13,,
Nióbio e tântalo – minerais,Concentrado (peso bruto),Columbita-tantalita,Portugal,PRT,1971,11,,
Nióbio e tântalo – minerais,Concentrado (peso bruto),Columbita-tantalita,Portugal,PRT,1972,12,,
Nióbio e tântalo – minerais,Concentrado (peso bruto),Columbita-tantalita,Portugal,PRT,1973,12,,
Nióbio e tântalo – minerais,Concentrado (peso bruto),Columbita-tantalita,Portugal,PRT,1974,9,,
Nióbio e tântalo – minerais,Concentrado (peso bruto),Columbita-tantalita,Portugal,PRT,1975,9,,
Nióbio e tântalo – minerais,Concentrado (peso bruto),Columbita-tantalita,Portugal,PRT,1976,5,,
Nióbio e tântalo – minerais,Concentrado (peso bruto),Columbita-tantalita,Portugal,PRT,1977,3,,
Nióbio e tântalo – minerais,Concentrado (peso bruto),Columbita-tantalita,Portugal,PRT,1978,7,,
Nióbio e tântalo – minerais,Concentrado (peso bruto),Columbita-tantalita,Portugal,PRT,1979,3,,
Nióbio e tântalo – minerais,Concentrado (peso bruto),Columbita-tantalita,Portugal,PRT,1980,4,,
Nióbio e tântalo – minerais,Concentrado (peso bruto),Columbita-tantalita,Portugal,PRT,1981,9,,
Nióbio e tântalo – minerais,Concentrado (peso bruto),Columbita-tantalita,Portugal,PRT,1982,6,,
Nióbio e tântalo – minerais,Concentrado (peso bruto),Columbita-tantalita,Portugal,PRT,1983,3,,
Nióbio e tântalo – minerais,Concentrado (peso bruto),Columbita-tantalita,Portugal,PRT,1984,3,,
Nióbio e tântalo – minerais,Concentrado (peso bruto),Columbita-tantalita,Portugal,PRT,1985,2,,
Nióbio e tântalo – minerais,Concentrado (peso bruto),Columbita-tantalita,Portugal,PRT,1986,5,,
Nióbio e tântalo – minerais,Concentrado (peso bruto),Columbita-tantalita,Rhodesia,,1972,40,Estimates.,Informativo: estimado
Nióbio e tântalo – minerais,Concentrado (peso bruto),Columbita-tantalita,Rhodesia,,1973,40,Estimates.,Informativo: estimado
Nióbio e tântalo – minerais,Concentrado (peso bruto),Columbita-tantalita,Rhodesia,,1974,40,Estimates.,Informativo: estimado
Nióbio e tântalo – minerais,Concentrado (peso bruto),Columbita-tantalita,Rhodesia,,1975,23,,
Nióbio e tântalo – minerais,Concentrado (peso bruto),Columbita-tantalita,Rhodesia,,1976,19,,
Nióbio e tântalo – minerais,Concentrado (peso bruto),Columbita-tantalita,Rhodesia,,1977,30,,
Nióbio e tântalo – minerais,Concentrado (peso bruto),Columbita-tantalita,Rhodesia,,1978,31,,
Nióbio e tântalo – minerais,Concentrado (peso bruto),Columbita-tantalita,Rhodesia,,1979,30,In 1980 Rhodesia was renamed Zimbabwe.,
Nióbio e tântalo – minerais,Concentrado (peso bruto),Columbita-tantalita,Rwanda,RWA,1971,33,,
Nióbio e tântalo – minerais,Concentrado (peso bruto),Columbita-tantalita,Rwanda,RWA,1972,38,,
Nióbio e tântalo – minerais,Concentrado (peso bruto),Columbita-tantalita,Rwanda,RWA,1973,34,,
Nióbio e tântalo – minerais,Concentrado (peso bruto),Columbita-tantalita,Rwanda,RWA,1974,75,,
Nióbio e tântalo – minerais,Concentrado (peso bruto),Columbita-tantalita,Rwanda,RWA,1975,47,,
Nióbio e tântalo – minerais,Concentrado (peso bruto),Columbita-tantalita,Rwanda,RWA,1976,45,,
Nióbio e tântalo – minerais,Concentrado (peso bruto),Columbita-tantalita,Rwanda,RWA,1977,94,,
Nióbio e tântalo – minerais,Concentrado (peso bruto),Columbita-tantalita,Rwanda,RWA,1978,54,,
Nióbio e tântalo – minerais,Concentrado (peso bruto),Columbita-tantalita,Rwanda,RWA,1979,47,,
Nióbio e tântalo – minerais,Concentrado (peso bruto),Columbita-tantalita,Rwanda,RWA,1980,60,,
Nióbio e tântalo – minerais,Concentrado (peso bruto),Columbita-tantalita,Rwanda,RWA,1981,57,,
Nióbio e tântalo – minerais,Concentrado (peso bruto),Columbita-tantalita,Rwanda,RWA,1982,62,,
Nióbio e tântalo – minerais,Concentrado (peso bruto),Columbita-tantalita,Rwanda,RWA,1983,50,,
Nióbio e tântalo – minerais,Concentrado (peso bruto),Columbita-tantalita,Rwanda,RWA,1984,52,,
Nióbio e tântalo – minerais,Concentrado (peso bruto),Columbita-tantalita,Rwanda,RWA,1985,28,,
Nióbio e tântalo – minerais,Concentrado (peso bruto),Columbita-tantalita,Rwanda,RWA,1986,28,,
Nióbio e tântalo – minerais,Concentrado (peso bruto),Columbita-tantalita,Rwanda,RWA,1987,12,,
Nióbio e tântalo – minerais,Concentrado (peso bruto),Columbita-tantalita,Rwanda,RWA,1988,7,,
Nióbio e tântalo – minerais,Concentrado (peso bruto),Columbita-tantalita,Rwanda,RWA,1989,64,,
Nióbio e tântalo – minerais,Concentrado (peso bruto),Columbita-tantalita,Rwanda,RWA,1990,110,,
Nióbio e tântalo – minerais,Concentrado (peso bruto),Columbita-tantalita,Rwanda,RWA,1991,200,,
Nióbio e tântalo – minerais,Concentrado (peso bruto),Columbita-tantalita,Rwanda,RWA,1992,100,"Estimates. | Content of Nb, Ta: 30%, 23%",Informativo: estimado
Nióbio e tântalo – minerais,Concentrado (peso bruto),Columbita-tantalita,Rwanda,RWA,1993,100,"Estimates. | Content of Nb, Ta: 30%, 23%",Informativo: estimado
Nióbio e tântalo – minerais,Concentrado (peso bruto),Columbita-tantalita,Rwanda,RWA,1994,6,"Content of Nb, Ta: 30%, 23%",
Nióbio e tântalo – minerais,Concentrado (peso bruto),Columbita-tantalita,Rwanda,RWA,1995,72,"Content of Nb, Ta: 30%, 23%",
Nióbio e tântalo – minerais,Concentrado (peso bruto),Columbita-tantalita,Rwanda,RWA,1996,99,"Content of Nb, Ta: 30%, 23%",
Nióbio e tântalo – minerais,Concentrado (peso bruto),Columbita-tantalita,Rwanda,RWA,1997,269,"Content of Nb, Ta: 30%, 23%",
Nióbio e tântalo – minerais,Concentrado (peso bruto),Columbita-tantalita,Rwanda,RWA,1998,378,"Content of Nb, Ta: 30%, 23%",
Nióbio e tântalo – minerais,Concentrado (peso bruto),Columbita-tantalita,Rwanda,RWA,1999,147,"Content of Nb, Ta: 30%, 23%",
Nióbio e tântalo – minerais,Concentrado (peso bruto),Columbita-tantalita,Rwanda,RWA,2000,561,"Content of Nb, Ta: 30%, 23%",
Nióbio e tântalo – minerais,Concentrado (peso bruto),Columbita-tantalita,Rwanda,RWA,2001,241,"Content of Nb, Ta: 30%, 23%",
Nióbio e tântalo – minerais,Concentrado (peso bruto),Columbita-tantalita,Rwanda,RWA,2002,96,"Content of Nb, Ta: 30%, 23%",
Nióbio e tântalo – minerais,Concentrado (peso bruto),Columbita-tantalita,Rwanda,RWA,2003,187,"Content of Nb, Ta: 30%, 23%",
Nióbio e tântalo – minerais,Concentrado (peso bruto),Columbita-tantalita,Rwanda,RWA,2004,220,"Content of Nb, Ta: 30%, 23%",
Nióbio e tântalo – minerais,Concentrado (peso bruto),Columbita-tantalita,Rwanda,RWA,2005,276,"Content of Nb, Ta: 30%, 23%",
Nióbio e tântalo – minerais,Concentrado (peso bruto),Columbita-tantalita,Rwanda,RWA,2006,996,,
Nióbio e tântalo – minerais,Concentrado (peso bruto),Columbita-tantalita,Rwanda,RWA,2007,547,,
Nióbio e tântalo – minerais,Concentrado (peso bruto),Columbita-tantalita,Rwanda,RWA,2008,922,,
Nióbio e tântalo – minerais,Concentrado (peso bruto),Columbita-tantalita,Rwanda,RWA,2009,950,Break in series. | Exports.,Informativo: quebra de série
Nióbio e tântalo – minerais,Concentrado (peso bruto),Columbita-tantalita,Rwanda,RWA,2010,749,Exports.,
Nióbio e tântalo – minerais,Concentrado (peso bruto),Columbita-tantalita,Rwanda,RWA,2011,890,Exports.,
Nióbio e tântalo – minerais,Concentrado (peso bruto),Columbita-tantalita,Rwanda,RWA,2012,1145,Break in series. | Exports.,Informativo: quebra de série
Nióbio e tântalo – minerais,Concentrado (peso bruto),Columbita-tantalita,Rwanda,RWA,2013,1753,Years ended 30th June of that stated. | Exports.,
Nióbio e tântalo – minerais,Concentrado (peso bruto),Columbita-tantalita,Rwanda,RWA,2014,2295,Years ended 30th June of that stated. | Exports.,
Nióbio e tântalo – minerais,Concentrado (peso bruto),Columbita-tantalita,Rwanda,RWA,2015,2086,Years ended 30th June of that stated. | Exports.,
Nióbio e tântalo – minerais,Concentrado (peso bruto),Columbita-tantalita,Rwanda,RWA,2016,1485,Years ended 30th June of that stated. | Exports.,
Nióbio e tântalo – minerais,Concentrado (peso bruto),Columbita-tantalita,Rwanda,RWA,2017,1327,Years ended 30th June of that stated. | Exports.,
Nióbio e tântalo – minerais,Concentrado (peso bruto),Columbita-tantalita,Rwanda,RWA,2018,1861,Years ended 30th June of that stated. | Exports.,
Nióbio e tântalo – minerais,Concentrado (peso bruto),Columbita-tantalita,Rwanda,RWA,2019,1519,Years ended 30th June of that stated. | Exports.,
Nióbio e tântalo – minerais,Concentrado (peso bruto),Columbita-tantalita,Rwanda,RWA,2020,1201,Years ended 30th June of that stated. | Exports.,
Nióbio e tântalo – minerais,Concentrado (peso bruto),Columbita-tantalita,Rwanda,RWA,2021,1118,Years ended 30th June of that stated. | Exports.,
Nióbio e tântalo – minerais,Concentrado (peso bruto),Columbita-tantalita,Rwanda,RWA,2022,1116,Years ended 30th June of that stated. | Exports.,
Nióbio e tântalo – minerais,Concentrado (peso bruto),Columbita-tantalita,Rwanda,RWA,2023,1682,Years ended 30th June of that stated. | Exports.,
Nióbio e tântalo – minerais,Concentrado (peso bruto),Columbita-tantalita,Rwanda,RWA,2024,2206,Years ended 30th June of that stated. | Exports.,
Nióbio e tântalo – minerais,Concentrado (peso bruto),Columbita-tantalita,South Africa,ZAF,1971,1,,
Nióbio e tântalo – minerais,Concentrado (peso bruto),Columbita-tantalita,Thailand,THA,1981,49,,
Nióbio e tântalo – minerais,Concentrado (peso bruto),Columbita-tantalita,Thailand,THA,1982,39,,
Nióbio e tântalo – minerais,Concentrado (peso bruto),Columbita-tantalita,Thailand,THA,1983,549,,
Nióbio e tântalo – minerais,Concentrado (peso bruto),Columbita-tantalita,Thailand,THA,1984,477,,
Nióbio e tântalo – minerais,Concentrado (peso bruto),Columbita-tantalita,Thailand,THA,1985,432,,
Nióbio e tântalo – minerais,Concentrado (peso bruto),Columbita-tantalita,Thailand,THA,1986,121,,
Nióbio e tântalo – minerais,Concentrado (peso bruto),Columbita-tantalita,Thailand,THA,1987,183,,
Nióbio e tântalo – minerais,Concentrado (peso bruto),Columbita-tantalita,Thailand,THA,1988,124,,
Nióbio e tântalo – minerais,Concentrado (peso bruto),Columbita-tantalita,Thailand,THA,1989,109,,
Nióbio e tântalo – minerais,Concentrado (peso bruto),Columbita-tantalita,Thailand,THA,1990,9,,
Nióbio e tântalo – minerais,Concentrado (peso bruto),Columbita-tantalita,Thailand,THA,1991,3,,
Nióbio e tântalo – minerais,Concentrado (peso bruto),Columbita-tantalita,Uganda,UGA,1974,4,Estimates.,Informativo: estimado
Nióbio e tântalo – minerais,Concentrado (peso bruto),Columbita-tantalita,Uganda,UGA,1975,2,Estimates.,Informativo: estimado
Nióbio e tântalo – minerais,Concentrado (peso bruto),Columbita-tantalita,Uganda,UGA,1976,2,Estimates.,Informativo: estimado
Nióbio e tântalo – minerais,Concentrado (peso bruto),Columbita-tantalita,Uganda,UGA,1977,2,Estimates.,Informativo: estimado
Nióbio e tântalo – minerais,Concentrado (peso bruto),Columbita-tantalita,Uganda,UGA,1998,0,,
Nióbio e tântalo – minerais,Concentrado (peso bruto),Columbita-tantalita,Uganda,UGA,1999,0,,
Nióbio e tântalo – minerais,Concentrado (peso bruto),Columbita-tantalita,Uganda,UGA,2000,3,,
Nióbio e tântalo – minerais,Concentrado (peso bruto),Columbita-tantalita,Uganda,UGA,2001,11,,
Nióbio e tântalo – minerais,Concentrado (peso bruto),Columbita-tantalita,Uganda,UGA,2002,6,,
Nióbio e tântalo – minerais,Concentrado (peso bruto),Columbita-tantalita,Uganda,UGA,2003,16,,
Nióbio e tântalo – minerais,Concentrado (peso bruto),Columbita-tantalita,Uganda,UGA,2012,0,,
Nióbio e tântalo – minerais,Concentrado (peso bruto),Columbita-tantalita,Uganda,UGA,2013,0,,
Nióbio e tântalo – minerais,Concentrado (peso bruto),Columbita-tantalita,Uganda,UGA,2014,0,,
Nióbio e tântalo – minerais,Concentrado (peso bruto),Columbita-tantalita,Uganda,UGA,2015,0,,
Nióbio e tântalo – minerais,Concentrado (peso bruto),Columbita-tantalita,Uganda,UGA,2016,13,,
Nióbio e tântalo – minerais,Concentrado (peso bruto),Columbita-tantalita,Uganda,UGA,2017,11,,
Nióbio e tântalo – minerais,Concentrado (peso bruto),Columbita-tantalita,Uganda,UGA,2018,7,,
Nióbio e tântalo – minerais,Concentrado (peso bruto),Columbita-tantalita,Uganda,UGA,2019,7,,
Nióbio e tântalo – minerais,Concentrado (peso bruto),Columbita-tantalita,Uganda,UGA,2020,173,,
Nióbio e tântalo – minerais,Concentrado (peso bruto),Columbita-tantalita,Uganda,UGA,2021,404,,
Nióbio e tântalo – minerais,Concentrado (peso bruto),Columbita-tantalita,Uganda,UGA,2022,400,Estimates.,Informativo: estimado
Nióbio e tântalo – minerais,Concentrado (peso bruto),Columbita-tantalita,Uganda,UGA,2023,400,Estimates.,Informativo: estimado
Nióbio e tântalo – minerais,Concentrado (peso bruto),Columbita-tantalita,Uganda,UGA,2024,400,Estimates.,Informativo: estimado
Nióbio e tântalo – minerais,Concentrado (peso bruto),Columbita-tantalita,Zaire,ZAR,1971,110,Including columbite-tantalite content of tin-tantalite-columbite.,
Nióbio e tântalo – minerais,Concentrado (peso bruto),Columbita-tantalita,Zaire,ZAR,1972,97,Including columbite-tantalite content of tin-tantalite-columbite.,
Nióbio e tântalo – minerais,Concentrado (peso bruto),Columbita-tantalita,Zaire,ZAR,1973,56,Including columbite-tantalite content of tin-tantalite-columbite.,
Nióbio e tântalo – minerais,Concentrado (peso bruto),Columbita-tantalita,Zaire,ZAR,1974,64,Including columbite-tantalite content of tin-tantalite-columbite.,
Nióbio e tântalo – minerais,Concentrado (peso bruto),Columbita-tantalita,Zaire,ZAR,1975,90,,
Nióbio e tântalo – minerais,Concentrado (peso bruto),Columbita-tantalita,Zaire,ZAR,1976,79,,
Nióbio e tântalo – minerais,Concentrado (peso bruto),Columbita-tantalita,Zaire,ZAR,1977,113,,
Nióbio e tântalo – minerais,Concentrado (peso bruto),Columbita-tantalita,Zaire,ZAR,1978,47,,
Nióbio e tântalo – minerais,Concentrado (peso bruto),Columbita-tantalita,Zaire,ZAR,1979,78,,
Nióbio e tântalo – minerais,Concentrado (peso bruto),Columbita-tantalita,Zaire,ZAR,1980,102,,
Nióbio e tântalo – minerais,Concentrado (peso bruto),Columbita-tantalita,Zaire,ZAR,1981,80,,
Nióbio e tântalo – minerais,Concentrado (peso bruto),Columbita-tantalita,Zaire,ZAR,1982,53,,
Nióbio e tântalo – minerais,Concentrado (peso bruto),Columbita-tantalita,Zaire,ZAR,1983,51,,
Nióbio e tântalo – minerais,Concentrado (peso bruto),Columbita-tantalita,Zaire,ZAR,1984,100,,
Nióbio e tântalo – minerais,Concentrado (peso bruto),Columbita-tantalita,Zaire,ZAR,1985,158,,
Nióbio e tântalo – minerais,Concentrado (peso bruto),Columbita-tantalita,Zaire,ZAR,1986,38,,
Nióbio e tântalo – minerais,Concentrado (peso bruto),Columbita-tantalita,Zaire,ZAR,1987,57,,
Nióbio e tântalo – minerais,Concentrado (peso bruto),Columbita-tantalita,Zaire,ZAR,1988,34,,
Nióbio e tântalo – minerais,Concentrado (peso bruto),Columbita-tantalita,Zaire,ZAR,1989,48,,
Nióbio e tântalo – minerais,Concentrado (peso bruto),Columbita-tantalita,Zaire,ZAR,1990,36,,
Nióbio e tântalo – minerais,Concentrado (peso bruto),Columbita-tantalita,Zaire,ZAR,1991,57,,
Nióbio e tântalo – minerais,Concentrado (peso bruto),Columbita-tantalita,Zimbabwe,ZWE,1980,41,In 1980 Rhodesia was renamed Zimbabwe.,
Nióbio e tântalo – minerais,Concentrado (peso bruto),Columbita-tantalita,Zimbabwe,ZWE,1981,45,,
Nióbio e tântalo – minerais,Concentrado (peso bruto),Columbita-tantalita,Zimbabwe,ZWE,1982,36,,
Nióbio e tântalo – minerais,Concentrado (peso bruto),Columbita-tantalita,Zimbabwe,ZWE,1983,35,,
Nióbio e tântalo – minerais,Concentrado (peso bruto),Columbita-tantalita,Zimbabwe,ZWE,1984,59,,
Nióbio e tântalo – minerais,Concentrado (peso bruto),Columbita-tantalita,Zimbabwe,ZWE,1985,40,,
Nióbio e tântalo – minerais,Concentrado (peso bruto),Columbita-tantalita,Zimbabwe,ZWE,1986,33,,
Nióbio e tântalo – minerais,Concentrado (peso bruto),Columbita-tantalita,Zimbabwe,ZWE,1987,37,,
Nióbio e tântalo – minerais,Concentrado (peso bruto),Columbita-tantalita,Zimbabwe,ZWE,1988,66,,
Nióbio e tântalo – minerais,Concentrado (peso bruto),Columbita-tantalita,Zimbabwe,ZWE,1989,32,,
Nióbio e tântalo – minerais,Concentrado (peso bruto),Columbita-tantalita,Zimbabwe,ZWE,1990,35,,
Nióbio e tântalo – minerais,Concentrado (peso bruto),Columbita-tantalita,Zimbabwe,ZWE,1991,111,,
Nióbio e tântalo – minerais,Concentrado (peso bruto),Columbita-tantalita,Zimbabwe,ZWE,1992,94,"Content of Nb, Ta: 11%, 28%.",
Nióbio e tântalo – minerais,Concentrado (peso bruto),Columbita-tantalita,Zimbabwe,ZWE,1993,48,"Content of Nb, Ta: 11%, 28%.",
Nióbio e tântalo – minerais,Concentrado (peso bruto),Columbita-tantalita,Zimbabwe,ZWE,1994,7,"Content of Nb, Ta: 11%, 28%.",
Nióbio e tântalo – minerais,Concentrado (peso bruto),Columbita-tantalita,Zimbabwe,ZWE,1995,0,"Content of Nb, Ta: 11%, 28%.","Informativo: menos de 0,5 t"
Nióbio e tântalo – minerais,Concentrado (peso bruto),Columbita-tantalita,Zimbabwe,ZWE,1996,0,"Content of Nb, Ta: 11%, 28%.",
Nióbio e tântalo – minerais,Concentrado (peso bruto),Columbita-tantalita,Zimbabwe,ZWE,1997,1,"Content of Nb, Ta: 11%, 28%.",
Nióbio e tântalo – minerais,Concentrado (peso bruto),Columbita-tantalita,Zimbabwe,ZWE,1998,6,"Content of Nb, Ta: 11%, 28%.",
Nióbio e tântalo – minerais,Concentrado (peso bruto),Columbita-tantalita,Zimbabwe,ZWE,1999,3,"Content of Nb, Ta: 11%, 28%.",
Nióbio e tântalo – minerais,Concentrado (peso bruto),Columbita-tantalita,Zimbabwe,ZWE,2000,4,"Content of Nb, Ta: 11%, 28%.",
Nióbio e tântalo – minerais,Concentrado (peso bruto),Columbita-tantalita,Zimbabwe,ZWE,2001,30,"Content of Nb, Ta: 11%, 28%.",
Nióbio e tântalo – minerais,Concentrado (peso bruto),Columbita-tantalita,Zimbabwe,ZWE,2002,26,"Content of Nb, Ta: 11%, 28%.",
Nióbio e tântalo – minerais,Concentrado (peso bruto),Columbita-tantalita,Zimbabwe,ZWE,2003,231,"Content of Nb, Ta: 11%, 28%.",
Nióbio e tântalo – minerais,Concentrado (peso bruto),Columbita-tantalita,Zimbabwe,ZWE,2004,27,"Content of Nb, Ta: 11%, 28%.",
Nióbio e tântalo – minerais,Concentrado (peso bruto),Columbita-tantalita,Zimbabwe,ZWE,2017,27,,
Nióbio e tântalo – minerais,Concentrado (peso bruto),Columbita-tantalita,Zimbabwe,ZWE,2018,14,,
Nióbio e tântalo – minerais,Concentrado (peso bruto),Columbita-tantalita,Zimbabwe,ZWE,2019,7,,
Nióbio e tântalo – minerais,Concentrado (peso bruto),Columbita-tantalita,Zimbabwe,ZWE,2020,4,,
Nióbio e tântalo – minerais,Concentrado (peso bruto),Columbita-tantalita,Zimbabwe,ZWE,2021,0,,
Nióbio e tântalo – minerais,Concentrado (peso bruto),Columbita-tantalita,Zimbabwe,ZWE,2022,0,,
Nióbio e tântalo – minerais,Concentrado (peso bruto),Columbita-tantalita,Zimbabwe,ZWE,2023,0,,
Nióbio e tântalo – minerais,Concentrado (peso bruto),Columbita-tantalita,Zimbabwe,ZWE,2024,0,Estimates.,Informativo: estimado
Nióbio e tântalo – minerais,Conteúdo de Nb,Columbita-tantalita – conteúdo de Nb,Brazil,BRA,2011,102167,,
Nióbio e tântalo – minerais,Conteúdo de Nb,Columbita-tantalita – conteúdo de Nb,Burundi,BDI,2012,101,,
Nióbio e tântalo – minerais,Conteúdo de Nb,Columbita-tantalita – conteúdo de Nb,Burundi,BDI,2013,29,,
Nióbio e tântalo – minerais,Conteúdo de Nb,Columbita-tantalita – conteúdo de Nb,Burundi,BDI,2014,41,,
Nióbio e tântalo – minerais,Conteúdo de Nb,Columbita-tantalita – conteúdo de Nb,Burundi,BDI,2015,21,,
Nióbio e tântalo – minerais,Conteúdo de Nb,Columbita-tantalita – conteúdo de Nb,Burundi,BDI,2016,13,,
Nióbio e tântalo – minerais,Conteúdo de Nb,Columbita-tantalita – conteúdo de Nb,Burundi,BDI,2017,29,,
Nióbio e tântalo – minerais,Conteúdo de Nb,Columbita-tantalita – conteúdo de Nb,Burundi,BDI,2018,9,,
Nióbio e tântalo – minerais,Conteúdo de Nb,Columbita-tantalita – conteúdo de Nb,Burundi,BDI,2019,9,,
Nióbio e tântalo – minerais,Conteúdo de Nb,Columbita-tantalita – conteúdo de Nb,Burundi,BDI,2020,8,,
Nióbio e tântalo – minerais,Conteúdo de Nb,Columbita-tantalita – conteúdo de Nb,Burundi,BDI,2021,16,,
Nióbio e tântalo – minerais,Conteúdo de Nb,Columbita-tantalita – conteúdo de Nb,Burundi,BDI,2022,4,,
Nióbio e tântalo – minerais,Conteúdo de Nb,Columbita-tantalita – conteúdo de Nb,Burundi,BDI,2023,2,,
Nióbio e tântalo – minerais,Conteúdo de Nb,Columbita-tantalita – conteúdo de Nb,Burundi,BDI,2024,1,,
Nióbio e tântalo – minerais,Conteúdo de Nb,Columbita-tantalita – conteúdo de Nb,Canada,CAN,2010,4419,,
Nióbio e tântalo – minerais,Conteúdo de Nb,Columbita-tantalita – conteúdo de Nb,Canada,CAN,2011,4532,,
Nióbio e tântalo – minerais,Conteúdo de Nb,Columbita-tantalita – conteúdo de Nb,China,CHN,2012,70,Estimates.,Informativo: estimado
Nióbio e tântalo – minerais,Conteúdo de Nb,Columbita-tantalita – conteúdo de Nb,China,CHN,2013,0,Estimates.,Informativo: estimado
Nióbio e tântalo – minerais,Conteúdo de Nb,Columbita-tantalita – conteúdo de Nb,China,CHN,2014,93,Estimates.,Informativo: estimado
Nióbio e tântalo – minerais,Conteúdo de Nb,Columbita-tantalita – conteúdo de Nb,China,CHN,2015,97,Estimates.,Informativo: estimado
Nióbio e tântalo – minerais,Conteúdo de Nb,Columbita-tantalita – conteúdo de Nb,China,CHN,2016,101,Estimates.,Informativo: estimado
Nióbio e tântalo – minerais,Conteúdo de Nb,Columbita-tantalita – conteúdo de Nb,China,CHN,2017,117,Estimates.,Informativo: estimado
Nióbio e tântalo – minerais,Conteúdo de Nb,Columbita-tantalita – conteúdo de Nb,China,CHN,2018,140,Estimates.,Informativo: estimado
Nióbio e tântalo – minerais,Conteúdo de Nb,Columbita-tantalita – conteúdo de Nb,China,CHN,2019,118,Estimates.,Informativo: estimado
Nióbio e tântalo – minerais,Conteúdo de Nb,Columbita-tantalita – conteúdo de Nb,China,CHN,2020,115,Estimates.,Informativo: estimado
Nióbio e tântalo – minerais,Conteúdo de Nb,Columbita-tantalita – conteúdo de Nb,China,CHN,2021,118,Estimates.,Informativo: estimado
Nióbio e tântalo – minerais,Conteúdo de Nb,Columbita-tantalita – conteúdo de Nb,China,CHN,2022,117,Estimates.,Informativo: estimado
Nióbio e tântalo – minerais,Conteúdo de Nb,Columbita-tantalita – conteúdo de Nb,China,CHN,2023,121,Estimates.,Informativo: estimado
Nióbio e tântalo – minerais,Conteúdo de Nb,Columbita-tantalita – conteúdo de Nb,China,CHN,2024,118,Estimates.,Informativo: estimado
Nióbio e tântalo – minerais,Conteúdo de Nb,Columbita-tantalita – conteúdo de Nb,"Congo, Democratic Republic",COD,2012,172,,
Nióbio e tântalo – minerais,Conteúdo de Nb,Columbita-tantalita – conteúdo de Nb,"Congo, Democratic Republic",COD,2013,147,,
Nióbio e tântalo – minerais,Conteúdo de Nb,Columbita-tantalita – conteúdo de Nb,"Congo, Democratic Republic",COD,2014,335,,
Nióbio e tântalo – minerais,Conteúdo de Nb,Columbita-tantalita – conteúdo de Nb,"Congo, Democratic Republic",COD,2015,617,,
Nióbio e tântalo – minerais,Conteúdo de Nb,Columbita-tantalita – conteúdo de Nb,"Congo, Democratic Republic",COD,2016,709,,
Nióbio e tântalo – minerais,Conteúdo de Nb,Columbita-tantalita – conteúdo de Nb,"Congo, Democratic Republic",COD,2017,586,,
Nióbio e tântalo – minerais,Conteúdo de Nb,Columbita-tantalita – conteúdo de Nb,"Congo, Democratic Republic",COD,2018,666,,
Nióbio e tântalo – minerais,Conteúdo de Nb,Columbita-tantalita – conteúdo de Nb,"Congo, Democratic Republic",COD,2019,369,,
Nióbio e tântalo – minerais,Conteúdo de Nb,Columbita-tantalita – conteúdo de Nb,"Congo, Democratic Republic",COD,2020,503,,
Nióbio e tântalo – minerais,Conteúdo de Nb,Columbita-tantalita – conteúdo de Nb,"Congo, Democratic Republic",COD,2021,711,,
Nióbio e tântalo – minerais,Conteúdo de Nb,Columbita-tantalita – conteúdo de Nb,"Congo, Democratic Republic",COD,2022,715,,
Nióbio e tântalo – minerais,Conteúdo de Nb,Columbita-tantalita – conteúdo de Nb,"Congo, Democratic Republic",COD,2023,527,,
Nióbio e tântalo – minerais,Conteúdo de Nb,Columbita-tantalita – conteúdo de Nb,"Congo, Democratic Republic",COD,2024,836,,
Nióbio e tântalo – minerais,Conteúdo de Nb,Columbita-tantalita – conteúdo de Nb,Mozambique,MOZ,2014,9,,
Nióbio e tântalo – minerais,Conteúdo de Nb,Columbita-tantalita – conteúdo de Nb,Mozambique,MOZ,2015,5,,
Nióbio e tântalo – minerais,Conteúdo de Nb,Columbita-tantalita – conteúdo de Nb,Russia,RUS,2005,639,,
Nióbio e tântalo – minerais,Conteúdo de Nb,Columbita-tantalita – conteúdo de Nb,Russia,RUS,2006,656,,
Nióbio e tântalo – minerais,Conteúdo de Nb,Columbita-tantalita – conteúdo de Nb,Russia,RUS,2007,688,,
Nióbio e tântalo – minerais,Conteúdo de Nb,Columbita-tantalita – conteúdo de Nb,Russia,RUS,2008,585,,
Nióbio e tântalo – minerais,Conteúdo de Nb,Columbita-tantalita – conteúdo de Nb,Russia,RUS,2009,511,,
Nióbio e tântalo – minerais,Conteúdo de Nb,Columbita-tantalita – conteúdo de Nb,Russia,RUS,2010,397,,
Nióbio e tântalo – minerais,Conteúdo de Nb,Columbita-tantalita – conteúdo de Nb,Russia,RUS,2011,431,,
Nióbio e tântalo – minerais,Conteúdo de Nb,Columbita-tantalita – conteúdo de Nb,Rwanda,RWA,2012,446,,
Nióbio e tântalo – minerais,Conteúdo de Nb,Columbita-tantalita – conteúdo de Nb,Rwanda,RWA,2013,683,,
Nióbio e tântalo – minerais,Conteúdo de Nb,Columbita-tantalita – conteúdo de Nb,Rwanda,RWA,2014,894,,
Nióbio e tântalo – minerais,Conteúdo de Nb,Columbita-tantalita – conteúdo de Nb,Rwanda,RWA,2015,812,,
Nióbio e tântalo – minerais,Conteúdo de Nb,Columbita-tantalita – conteúdo de Nb,Rwanda,RWA,2016,578,,
Nióbio e tântalo – minerais,Conteúdo de Nb,Columbita-tantalita – conteúdo de Nb,Rwanda,RWA,2017,517,,
Nióbio e tântalo – minerais,Conteúdo de Nb,Columbita-tantalita – conteúdo de Nb,Rwanda,RWA,2018,725,,
Nióbio e tântalo – minerais,Conteúdo de Nb,Columbita-tantalita – conteúdo de Nb,Rwanda,RWA,2019,591,,
Nióbio e tântalo – minerais,Conteúdo de Nb,Columbita-tantalita – conteúdo de Nb,Rwanda,RWA,2020,468,,
Nióbio e tântalo – minerais,Conteúdo de Nb,Columbita-tantalita – conteúdo de Nb,Rwanda,RWA,2021,435,,
Nióbio e tântalo – minerais,Conteúdo de Nb,Columbita-tantalita – conteúdo de Nb,Rwanda,RWA,2022,435,,
Nióbio e tântalo – minerais,Conteúdo de Nb,Columbita-tantalita – conteúdo de Nb,Rwanda,RWA,2023,655,,
Nióbio e tântalo – minerais,Conteúdo de Nb,Columbita-tantalita – conteúdo de Nb,Rwanda,RWA,2024,859,,
Nióbio e tântalo – minerais,Conteúdo de Nb,Columbita-tantalita – conteúdo de Nb,Uganda,UGA,2016,5,,
Nióbio e tântalo – minerais,Conteúdo de Nb,Columbita-tantalita – conteúdo de Nb,Uganda,UGA,2017,4,,
Nióbio e tântalo – minerais,Conteúdo de Nb,Columbita-tantalita – conteúdo de Nb,Uganda,UGA,2018,3,,
Nióbio e tântalo – minerais,Conteúdo de Nb,Columbita-tantalita – conteúdo de Nb,Uganda,UGA,2019,3,,
Nióbio e tântalo – minerais,Conteúdo de Nb,Columbita-tantalita – conteúdo de Nb,Uganda,UGA,2020,69,,
Nióbio e tântalo – minerais,Conteúdo de Nb,Columbita-tantalita – conteúdo de Nb,Uganda,UGA,2021,161,,
Nióbio e tântalo – minerais,Conteúdo de Nb,Columbita-tantalita – conteúdo de Nb,Uganda,UGA,2022,159,Estimates.,Informativo: estimado
Nióbio e tântalo – minerais,Conteúdo de Nb,Columbita-tantalita – conteúdo de Nb,Uganda,UGA,2023,159,Estimates.,Informativo: estimado
Nióbio e tântalo – minerais,Conteúdo de Nb,Columbita-tantalita – conteúdo de Nb,Uganda,UGA,2024,159,Estimates.,Informativo: estimado
Nióbio e tântalo – minerais,Conteúdo de Nb,Columbita-tantalita – conteúdo de Nb,Zimbabwe,ZWE,2017,11,,
Nióbio e tântalo – minerais,Conteúdo de Nb,Columbita-tantalita – conteúdo de Nb,Zimbabwe,ZWE,2018,5,,
Nióbio e tântalo – minerais,Conteúdo de Nb,Columbita-tantalita – conteúdo de Nb,Zimbabwe,ZWE,2019,3,,
Nióbio e tântalo – minerais,Conteúdo de Nb,Columbita-tantalita – conteúdo de Nb,Zimbabwe,ZWE,2020,2,,
Nióbio e tântalo – minerais,Conteúdo de Nb,Columbita-tantalita – conteúdo de Nb,Zimbabwe,ZWE,2021,0,,
Nióbio e tântalo – minerais,Conteúdo de Nb,Columbita-tantalita – conteúdo de Nb,Zimbabwe,ZWE,2022,0,,
Nióbio e tântalo – minerais,Conteúdo de Nb,Columbita-tantalita – conteúdo de Nb,Zimbabwe,ZWE,2023,0,,
Nióbio e tântalo – minerais,Conteúdo de Nb,Columbita-tantalita – conteúdo de Nb,Zimbabwe,ZWE,2024,0,Estimates.,Informativo: estimado
Nióbio e tântalo – minerais,Conteúdo de Ta,Columbita-tantalita – conteúdo de Ta,Burundi,BDI,2012,40,,
Nióbio e tântalo – minerais,Conteúdo de Ta,Columbita-tantalita – conteúdo de Ta,Burundi,BDI,2013,12,,
Nióbio e tântalo – minerais,Conteúdo de Ta,Columbita-tantalita – conteúdo de Ta,Burundi,BDI,2014,16,,
Nióbio e tântalo – minerais,Conteúdo de Ta,Columbita-tantalita – conteúdo de Ta,Burundi,BDI,2015,8,,
Nióbio e tântalo – minerais,Conteúdo de Ta,Columbita-tantalita – conteúdo de Ta,Burundi,BDI,2016,5,,
Nióbio e tântalo – minerais,Conteúdo de Ta,Columbita-tantalita – conteúdo de Ta,Burundi,BDI,2017,12,,
Nióbio e tântalo – minerais,Conteúdo de Ta,Columbita-tantalita – conteúdo de Ta,Burundi,BDI,2018,3,,
Nióbio e tântalo – minerais,Conteúdo de Ta,Columbita-tantalita – conteúdo de Ta,Burundi,BDI,2019,3,,
Nióbio e tântalo – minerais,Conteúdo de Ta,Columbita-tantalita – conteúdo de Ta,Burundi,BDI,2020,3,,
Nióbio e tântalo – minerais,Conteúdo de Ta,Columbita-tantalita – conteúdo de Ta,Burundi,BDI,2021,7,,
Nióbio e tântalo – minerais,Conteúdo de Ta,Columbita-tantalita – conteúdo de Ta,Burundi,BDI,2022,2,,
Nióbio e tântalo – minerais,Conteúdo de Ta,Columbita-tantalita – conteúdo de Ta,Burundi,BDI,2023,1,,
Nióbio e tântalo – minerais,Conteúdo de Ta,Columbita-tantalita – conteúdo de Ta,Burundi,BDI,2024,0,,
Nióbio e tântalo – minerais,Conteúdo de Ta,Columbita-tantalita – conteúdo de Ta,China,CHN,2012,28,Estimates.,Informativo: estimado
Nióbio e tântalo – minerais,Conteúdo de Ta,Columbita-tantalita – conteúdo de Ta,China,CHN,2013,29,Estimates.,Informativo: estimado
Nióbio e tântalo – minerais,Conteúdo de Ta,Columbita-tantalita – conteúdo de Ta,China,CHN,2014,37,Estimates.,Informativo: estimado
Nióbio e tântalo – minerais,Conteúdo de Ta,Columbita-tantalita – conteúdo de Ta,China,CHN,2015,39,Estimates.,Informativo: estimado
Nióbio e tântalo – minerais,Conteúdo de Ta,Columbita-tantalita – conteúdo de Ta,China,CHN,2016,40,Estimates.,Informativo: estimado
Nióbio e tântalo – minerais,Conteúdo de Ta,Columbita-tantalita – conteúdo de Ta,China,CHN,2017,46,Estimates.,Informativo: estimado
Nióbio e tântalo – minerais,Conteúdo de Ta,Columbita-tantalita – conteúdo de Ta,China,CHN,2018,56,Estimates.,Informativo: estimado
Nióbio e tântalo – minerais,Conteúdo de Ta,Columbita-tantalita – conteúdo de Ta,China,CHN,2019,47,Estimates.,Informativo: estimado
Nióbio e tântalo – minerais,Conteúdo de Ta,Columbita-tantalita – conteúdo de Ta,China,CHN,2020,46,Estimates.,Informativo: estimado
Nióbio e tântalo – minerais,Conteúdo de Ta,Columbita-tantalita – conteúdo de Ta,China,CHN,2021,47,Estimates.,Informativo: estimado
Nióbio e tântalo – minerais,Conteúdo de Ta,Columbita-tantalita – conteúdo de Ta,China,CHN,2022,46,Estimates.,Informativo: estimado
Nióbio e tântalo – minerais,Conteúdo de Ta,Columbita-tantalita – conteúdo de Ta,China,CHN,2023,49,Estimates.,Informativo: estimado
Nióbio e tântalo – minerais,Conteúdo de Ta,Columbita-tantalita – conteúdo de Ta,China,CHN,2024,76,,
Nióbio e tântalo – minerais,Conteúdo de Ta,Columbita-tantalita – conteúdo de Ta,"Congo, Democratic Republic",COD,2012,168,,
Nióbio e tântalo – minerais,Conteúdo de Ta,Columbita-tantalita – conteúdo de Ta,"Congo, Democratic Republic",COD,2013,143,,
Nióbio e tântalo – minerais,Conteúdo de Ta,Columbita-tantalita – conteúdo de Ta,"Congo, Democratic Republic",COD,2014,327,,
Nióbio e tântalo – minerais,Conteúdo de Ta,Columbita-tantalita – conteúdo de Ta,"Congo, Democratic Republic",COD,2015,602,,
Nióbio e tântalo – minerais,Conteúdo de Ta,Columbita-tantalita – conteúdo de Ta,"Congo, Democratic Republic",COD,2016,692,,
Nióbio e tântalo – minerais,Conteúdo de Ta,Columbita-tantalita – conteúdo de Ta,"Congo, Democratic Republic",COD,2017,572,,
Nióbio e tântalo – minerais,Conteúdo de Ta,Columbita-tantalita – conteúdo de Ta,"Congo, Democratic Republic",COD,2018,650,,
Nióbio e tântalo – minerais,Conteúdo de Ta,Columbita-tantalita – conteúdo de Ta,"Congo, Democratic Republic",COD,2019,360,,
Nióbio e tântalo – minerais,Conteúdo de Ta,Columbita-tantalita – conteúdo de Ta,"Congo, Democratic Republic",COD,2020,491,,
Nióbio e tântalo – minerais,Conteúdo de Ta,Columbita-tantalita – conteúdo de Ta,"Congo, Democratic Republic",COD,2021,694,,
Nióbio e tântalo – minerais,Conteúdo de Ta,Columbita-tantalita – conteúdo de Ta,"Congo, Democratic Republic",COD,2022,698,,
Nióbio e tântalo – minerais,Conteúdo de Ta,Columbita-tantalita – conteúdo de Ta,"Congo, Democratic Republic",COD,2023,514,,
Nióbio e tântalo – minerais,Conteúdo de Ta,Columbita-tantalita – conteúdo de Ta,"Congo, Democratic Republic",COD,2024,817,,
Nióbio e tântalo – minerais,Conteúdo de Ta,Columbita-tantalita – conteúdo de Ta,Mozambique,MOZ,2014,4,,
Nióbio e tântalo – minerais,Conteúdo de Ta,Columbita-tantalita – conteúdo de Ta,Mozambique,MOZ,2015,2,,
Nióbio e tântalo – minerais,Conteúdo de Ta,Columbita-tantalita – conteúdo de Ta,Russia,RUS,2005,35,,
Nióbio e tântalo – minerais,Conteúdo de Ta,Columbita-tantalita – conteúdo de Ta,Russia,RUS,2006,38,,
Nióbio e tântalo – minerais,Conteúdo de Ta,Columbita-tantalita – conteúdo de Ta,Russia,RUS,2007,48,,
Nióbio e tântalo – minerais,Conteúdo de Ta,Columbita-tantalita – conteúdo de Ta,Russia,RUS,2008,39,,
Nióbio e tântalo – minerais,Conteúdo de Ta,Columbita-tantalita – conteúdo de Ta,Russia,RUS,2009,35,,
Nióbio e tântalo – minerais,Conteúdo de Ta,Columbita-tantalita – conteúdo de Ta,Russia,RUS,2010,31,,
Nióbio e tântalo – minerais,Conteúdo de Ta,Columbita-tantalita – conteúdo de Ta,Russia,RUS,2011,27,,
Nióbio e tântalo – minerais,Conteúdo de Ta,Columbita-tantalita – conteúdo de Ta,Rwanda,RWA,2012,177,,
Nióbio e tântalo – minerais,Conteúdo de Ta,Columbita-tantalita – conteúdo de Ta,Rwanda,RWA,2013,271,,
Nióbio e tântalo – minerais,Conteúdo de Ta,Columbita-tantalita – conteúdo de Ta,Rwanda,RWA,2014,355,,
Nióbio e tântalo – minerais,Conteúdo de Ta,Columbita-tantalita – conteúdo de Ta,Rwanda,RWA,2015,323,,
Nióbio e tântalo – minerais,Conteúdo de Ta,Columbita-tantalita – conteúdo de Ta,Rwanda,RWA,2016,230,,
Nióbio e tântalo – minerais,Conteúdo de Ta,Columbita-tantalita – conteúdo de Ta,Rwanda,RWA,2017,205,,
Nióbio e tântalo – minerais,Conteúdo de Ta,Columbita-tantalita – conteúdo de Ta,Rwanda,RWA,2018,288,,
Nióbio e tântalo – minerais,Conteúdo de Ta,Columbita-tantalita – conteúdo de Ta,Rwanda,RWA,2019,235,,
Nióbio e tântalo – minerais,Conteúdo de Ta,Columbita-tantalita – conteúdo de Ta,Rwanda,RWA,2020,186,,
Nióbio e tântalo – minerais,Conteúdo de Ta,Columbita-tantalita – conteúdo de Ta,Rwanda,RWA,2021,173,,
Nióbio e tântalo – minerais,Conteúdo de Ta,Columbita-tantalita – conteúdo de Ta,Rwanda,RWA,2022,173,,
Nióbio e tântalo – minerais,Conteúdo de Ta,Columbita-tantalita – conteúdo de Ta,Rwanda,RWA,2023,260,,
Nióbio e tântalo – minerais,Conteúdo de Ta,Columbita-tantalita – conteúdo de Ta,Rwanda,RWA,2024,341,,
Nióbio e tântalo – minerais,Conteúdo de Ta,Columbita-tantalita – conteúdo de Ta,Uganda,UGA,2016,2,,
Nióbio e tântalo – minerais,Conteúdo de Ta,Columbita-tantalita – conteúdo de Ta,Uganda,UGA,2017,1,,
Nióbio e tântalo – minerais,Conteúdo de Ta,Columbita-tantalita – conteúdo de Ta,Uganda,UGA,2018,1,,
Nióbio e tântalo – minerais,Conteúdo de Ta,Columbita-tantalita – conteúdo de Ta,Uganda,UGA,2019,1,,
Nióbio e tântalo – minerais,Conteúdo de Ta,Columbita-tantalita – conteúdo de Ta,Uganda,UGA,2020,21,,
Nióbio e tântalo – minerais,Conteúdo de Ta,Columbita-tantalita – conteúdo de Ta,Uganda,UGA,2021,50,,
Nióbio e tântalo – minerais,Conteúdo de Ta,Columbita-tantalita – conteúdo de Ta,Uganda,UGA,2022,49,Estimates.,Informativo: estimado
Nióbio e tântalo – minerais,Conteúdo de Ta,Columbita-tantalita – conteúdo de Ta,Uganda,UGA,2023,49,Estimates.,Informativo: estimado
Nióbio e tântalo – minerais,Conteúdo de Ta,Columbita-tantalita – conteúdo de Ta,Uganda,UGA,2024,49,Estimates.,Informativo: estimado
Nióbio e tântalo – minerais,Conteúdo de Ta,Columbita-tantalita – conteúdo de Ta,Zimbabwe,ZWE,2017,4,,
Nióbio e tântalo – minerais,Conteúdo de Ta,Columbita-tantalita – conteúdo de Ta,Zimbabwe,ZWE,2018,2,,
Nióbio e tântalo – minerais,Conteúdo de Ta,Columbita-tantalita – conteúdo de Ta,Zimbabwe,ZWE,2019,1,,
Nióbio e tântalo – minerais,Conteúdo de Ta,Columbita-tantalita – conteúdo de Ta,Zimbabwe,ZWE,2020,1,,
Nióbio e tântalo – minerais,Conteúdo de Ta,Columbita-tantalita – conteúdo de Ta,Zimbabwe,ZWE,2021,0,,
Nióbio e tântalo – minerais,Conteúdo de Ta,Columbita-tantalita – conteúdo de Ta,Zimbabwe,ZWE,2022,0,,
Nióbio e tântalo – minerais,Conteúdo de Ta,Columbita-tantalita – conteúdo de Ta,Zimbabwe,ZWE,2023,0,,
Nióbio e tântalo – minerais,Conteúdo de Ta,Columbita-tantalita – conteúdo de Ta,Zimbabwe,ZWE,2024,0,Estimates.,Informativo: estimado
Nióbio e tântalo – minerais,Concentrado (peso bruto),Djalmaíta,Brazil,BRA,1975,35,,
Nióbio e tântalo – minerais,Concentrado (peso bruto),Djalmaíta,Brazil,BRA,1976,24,,
Nióbio e tântalo – minerais,Concentrado (peso bruto),Djalmaíta,Brazil,BRA,1977,19,,
Nióbio e tântalo – minerais,Concentrado (peso bruto),Djalmaíta,Brazil,BRA,1978,19,,
Nióbio e tântalo – minerais,Concentrado (peso bruto),Djalmaíta,Brazil,BRA,1979,10,,
Nióbio e tântalo – minerais,Concentrado (peso bruto),Djalmaíta,Brazil,BRA,1980,18,,
Nióbio e tântalo – minerais,Concentrado (peso bruto),Djalmaíta,Brazil,BRA,1981,13,,
Nióbio e tântalo – minerais,Concentrado (peso bruto),Djalmaíta,Brazil,BRA,1982,4,,
Nióbio e tântalo – minerais,Concentrado (peso bruto),Djalmaíta,Brazil,BRA,1983,7,,
Nióbio e tântalo – minerais,Concentrado (peso bruto),Djalmaíta,Brazil,BRA,1984,14,,
Nióbio e tântalo – minerais,Concentrado (peso bruto),Djalmaíta,Brazil,BRA,1985,15,,
Nióbio e tântalo – minerais,Concentrado (peso bruto),Djalmaíta,Brazil,BRA,1986,30,,
Nióbio e tântalo – minerais,Concentrado (peso bruto),Djalmaíta,Brazil,BRA,1987,17,,
Nióbio e tântalo – minerais,Concentrado (peso bruto),Djalmaíta,Brazil,BRA,1988,16,,
Nióbio e tântalo – minerais,Concentrado (peso bruto),Djalmaíta,Brazil,BRA,1989,13,,
Nióbio e tântalo – minerais,Concentrado (peso bruto),Djalmaíta,Brazil,BRA,1990,9,,
Nióbio e tântalo – minerais,Concentrado (peso bruto),Djalmaíta,Brazil,BRA,1991,10,Estimates.,Informativo: estimado
Nióbio e tântalo – minerais,Concentrado (peso bruto),Djalmaíta,Brazil,BRA,1992,15,"Content of Nb, Ta: 1%, 50%.",
Nióbio e tântalo – minerais,Concentrado (peso bruto),Djalmaíta,Brazil,BRA,1993,11,"Content of Nb, Ta: 1%, 50%.",
Nióbio e tântalo – minerais,Concentrado (peso bruto),Djalmaíta,Brazil,BRA,1994,37,"Content of Nb, Ta: 1%, 50%.",
Nióbio e tântalo – minerais,Concentrado (peso bruto),Djalmaíta,Brazil,BRA,1995,21,"Content of Nb, Ta: 1%, 50%.",
Nióbio e tântalo – minerais,Concentrado (peso bruto),Djalmaíta,Brazil,BRA,1996,8,"Content of Nb, Ta: 1%, 50%.",
Nióbio e tântalo – minerais,Concentrado (peso bruto),Djalmaíta,Brazil,BRA,1998,14,"Content of Nb, Ta: 1%, 50%.",
Nióbio e tântalo – minerais,Concentrado (peso bruto),Djalmaíta,Brazil,BRA,1999,23,"Content of Nb, Ta: 1%, 50%.",
Nióbio e tântalo – minerais,Concentrado (peso bruto),Djalmaíta,Brazil,BRA,2000,84,"Content of Nb, Ta: 1%, 50%.",
Nióbio e tântalo – minerais,Concentrado (peso bruto),Microlita,Mozambique,MOZ,1971,54,,
Nióbio e tântalo – minerais,Concentrado (peso bruto),Microlita,Mozambique,MOZ,1972,68,,
Nióbio e tântalo – minerais,Concentrado (peso bruto),Microlita,Mozambique,MOZ,1973,54,,
Nióbio e tântalo – minerais,Concentrado (peso bruto),Microlita,Mozambique,MOZ,1974,62,,
Nióbio e tântalo – minerais,Concentrado (peso bruto),Microlita,Mozambique,MOZ,1975,44,,
Nióbio e tântalo – minerais,Concentrado (peso bruto),Microlita,Mozambique,MOZ,1976,56,,
Nióbio e tântalo – minerais,Concentrado (peso bruto),Microlita,Mozambique,MOZ,1977,40,,
Nióbio e tântalo – minerais,Concentrado (peso bruto),Microlita,Mozambique,MOZ,1978,40,,
Nióbio e tântalo – minerais,Concentrado (peso bruto),Microlita,Mozambique,MOZ,1979,32,,
Nióbio e tântalo – minerais,Concentrado (peso bruto),Microlita,Mozambique,MOZ,1980,25,,
Nióbio e tântalo – minerais,Concentrado (peso bruto),Microlita,Mozambique,MOZ,1981,43,,
Nióbio e tântalo – minerais,Concentrado (peso bruto),Microlita,Mozambique,MOZ,1982,30,,
Nióbio e tântalo – minerais,Concentrado (peso bruto),Microlita,Mozambique,MOZ,1983,23,,
Nióbio e tântalo – minerais,Concentrado (peso bruto),Microlita,Mozambique,MOZ,1984,10,,
Nióbio e tântalo – minerais,Concentrado (peso bruto),Microlita,Mozambique,MOZ,1985,6,,
Nióbio e tântalo – minerais,Concentrado (peso bruto),Microlita,Mozambique,MOZ,1986,3,,
Nióbio e tântalo – minerais,Concentrado (peso bruto),Pirocloro,Brazil,BRA,1971,6094,,
Nióbio e tântalo – minerais,Concentrado (peso bruto),Pirocloro,Brazil,BRA,1972,14956,,
Nióbio e tântalo – minerais,Concentrado (peso bruto),Pirocloro,Brazil,BRA,1973,19426,,
Nióbio e tântalo – minerais,Concentrado (peso bruto),Pirocloro,Brazil,BRA,1974,17878,,
Nióbio e tântalo – minerais,Concentrado (peso bruto),Pirocloro,Brazil,BRA,1975,14605,,
Nióbio e tântalo – minerais,Concentrado (peso bruto),Pirocloro,Brazil,BRA,1976,19003,,
Nióbio e tântalo – minerais,Concentrado (peso bruto),Pirocloro,Brazil,BRA,1977,15613,,
Nióbio e tântalo – minerais,Concentrado (peso bruto),Pirocloro,Brazil,BRA,1978,17877,,
Nióbio e tântalo – minerais,Concentrado (peso bruto),Pirocloro,Brazil,BRA,1979,28909,,
Nióbio e tântalo – minerais,Concentrado (peso bruto),Pirocloro,Brazil,BRA,1980,30700,,
Nióbio e tântalo – minerais,Concentrado (peso bruto),Pirocloro,Brazil,BRA,1981,29886,,
Nióbio e tântalo – minerais,Concentrado (peso bruto),Pirocloro,Brazil,BRA,1982,19593,,
Nióbio e tântalo – minerais,Concentrado (peso bruto),Pirocloro,Brazil,BRA,1983,16828,,
Nióbio e tântalo – minerais,Concentrado (peso bruto),Pirocloro,Brazil,BRA,1984,30087,,
Nióbio e tântalo – minerais,Concentrado (peso bruto),Pirocloro,Brazil,BRA,1985,31311,,
Nióbio e tântalo – minerais,Concentrado (peso bruto),Pirocloro,Brazil,BRA,1986,30865,,
Nióbio e tântalo – minerais,Concentrado (peso bruto),Pirocloro,Brazil,BRA,1987,18323,,
Nióbio e tântalo – minerais,Concentrado (peso bruto),Pirocloro,Brazil,BRA,1988,35670,,
Nióbio e tântalo – minerais,Concentrado (peso bruto),Pirocloro,Brazil,BRA,1989,28398,,
Nióbio e tântalo – minerais,Concentrado (peso bruto),Pirocloro,Brazil,BRA,1990,32217,,
Nióbio e tântalo – minerais,Concentrado (peso bruto),Pirocloro,Brazil,BRA,1991,33450,,
Nióbio e tântalo – minerais,Concentrado (peso bruto),Pirocloro,Brazil,BRA,1992,30528,"Content of Nb, Ta: 42%,-.",
Nióbio e tântalo – minerais,Concentrado (peso bruto),Pirocloro,Brazil,BRA,1993,34065,"Content of Nb, Ta: 42%,-.",
Nióbio e tântalo – minerais,Concentrado (peso bruto),Pirocloro,Brazil,BRA,1994,33545,"Content of Nb, Ta: 42%,-.",
Nióbio e tântalo – minerais,Concentrado (peso bruto),Pirocloro,Brazil,BRA,1995,39989,"Content of Nb, Ta: 42%,-.",
Nióbio e tântalo – minerais,Concentrado (peso bruto),Pirocloro,Brazil,BRA,1996,36474,"Content of Nb, Ta: 42%,-.",
Nióbio e tântalo – minerais,Concentrado (peso bruto),Pirocloro,Brazil,BRA,1997,42255,"Content of Nb, Ta: 42%,-.",
Nióbio e tântalo – minerais,Concentrado (peso bruto),Pirocloro,Brazil,BRA,1998,51000,"Content of Nb, Ta: 42%,-. | Data for Minas Gerais only.",
Nióbio e tântalo – minerais,Concentrado (peso bruto),Pirocloro,Brazil,BRA,1999,42100,"Content of Nb, Ta: 42%,-. | Data for Minas Gerais only.",
Nióbio e tântalo – minerais,Concentrado (peso bruto),Pirocloro,Brazil,BRA,2000,63117,"Content of Nb, Ta: 42%,-.",
Nióbio e tântalo – minerais,Concentrado (peso bruto),Pirocloro,Brazil,BRA,2001,70000,"Estimates. | Content of Nb, Ta: 42%,-.",Informativo: estimado
Nióbio e tântalo – minerais,Concentrado (peso bruto),Pirocloro,Brazil,BRA,2002,60000,"Estimates. | Content of Nb, Ta: 42%,-.",Informativo: estimado
Nióbio e tântalo – minerais,Concentrado (peso bruto),Pirocloro,Brazil,BRA,2003,66000,"Estimates. | Content of Nb, Ta: 42%,-.",Informativo: estimado
Nióbio e tântalo – minerais,Concentrado (peso bruto),Pirocloro,Brazil,BRA,2004,79000,"Estimates. | Content of Nb, Ta: 42%,-.",Informativo: estimado
Nióbio e tântalo – minerais,Concentrado (peso bruto),Pirocloro,Brazil,BRA,2005,146000,"Estimates. | Content of Nb, Ta: 42%,-.",Informativo: estimado
Nióbio e tântalo – minerais,Concentrado (peso bruto),Pirocloro,Brazil,BRA,2006,175000,Estimates.,Informativo: estimado
Nióbio e tântalo – minerais,Concentrado (peso bruto),Pirocloro,Brazil,BRA,2007,215000,Estimates.,Informativo: estimado
Nióbio e tântalo – minerais,Concentrado (peso bruto),Pirocloro,Brazil,BRA,2008,241000,Estimates.,Informativo: estimado
Nióbio e tântalo – minerais,Concentrado (peso bruto),Pirocloro,Brazil,BRA,2009,276000,Estimates.,Informativo: estimado
Nióbio e tântalo – minerais,Concentrado (peso bruto),Pirocloro,Brazil,BRA,2010,238000,Estimates.,Informativo: estimado
Nióbio e tântalo – minerais,Concentrado (peso bruto),Pirocloro,Brazil,BRA,2011,243000,Estimates.,Informativo: estimado
Nióbio e tântalo – minerais,Concentrado (peso bruto),Pirocloro,Brazil,BRA,2012,150794,Break in series.,Informativo: quebra de série
Nióbio e tântalo – minerais,Concentrado (peso bruto),Pirocloro,Brazil,BRA,2013,143287,,
Nióbio e tântalo – minerais,Concentrado (peso bruto),Pirocloro,Brazil,BRA,2014,166512,,
Nióbio e tântalo – minerais,Concentrado (peso bruto),Pirocloro,Brazil,BRA,2015,152709,,
Nióbio e tântalo – minerais,Concentrado (peso bruto),Pirocloro,Brazil,BRA,2016,132275,,
Nióbio e tântalo – minerais,Concentrado (peso bruto),Pirocloro,Brazil,BRA,2017,159231,,
Nióbio e tântalo – minerais,Concentrado (peso bruto),Pirocloro,Brazil,BRA,2018,158489,,
Nióbio e tântalo – minerais,Concentrado (peso bruto),Pirocloro,Brazil,BRA,2019,228885,,
Nióbio e tântalo – minerais,Concentrado (peso bruto),Pirocloro,Brazil,BRA,2020,154049,,
Nióbio e tântalo – minerais,Concentrado (peso bruto),Pirocloro,Brazil,BRA,2021,198777,,
Nióbio e tântalo – minerais,Concentrado (peso bruto),Pirocloro,Brazil,BRA,2022,200940,,
Nióbio e tântalo – minerais,Concentrado (peso bruto),Pirocloro,Brazil,BRA,2023,207208,,
Nióbio e tântalo – minerais,Concentrado (peso bruto),Pirocloro,Brazil,BRA,2024,207000,Estimates.,Informativo: estimado
Nióbio e tântalo – minerais,Concentrado (peso bruto),Pirocloro,Canada,CAN,1972,1757,Nb2O5 content.,
Nióbio e tântalo – minerais,Concentrado (peso bruto),Pirocloro,Canada,CAN,1973,1441,Nb2O5 content.,
Nióbio e tântalo – minerais,Concentrado (peso bruto),Pirocloro,Canada,CAN,1974,1920,Nb2O5 content.,
Nióbio e tântalo – minerais,Concentrado (peso bruto),Pirocloro,Canada,CAN,1975,3166,,
Nióbio e tântalo – minerais,Concentrado (peso bruto),Pirocloro,Canada,CAN,1976,2498,,
Nióbio e tântalo – minerais,Concentrado (peso bruto),Pirocloro,Canada,CAN,1977,4182,,
Nióbio e tântalo – minerais,Concentrado (peso bruto),Pirocloro,Canada,CAN,1978,4054,,
Nióbio e tântalo – minerais,Concentrado (peso bruto),Pirocloro,Canada,CAN,1979,4053,,
Nióbio e tântalo – minerais,Concentrado (peso bruto),Pirocloro,Canada,CAN,1980,4105,,
Nióbio e tântalo – minerais,Concentrado (peso bruto),Pirocloro,Canada,CAN,1981,4568,,
Nióbio e tântalo – minerais,Concentrado (peso bruto),Pirocloro,Canada,CAN,1982,4748,,
Nióbio e tântalo – minerais,Concentrado (peso bruto),Pirocloro,Canada,CAN,1983,2685,,
Nióbio e tântalo – minerais,Concentrado (peso bruto),Pirocloro,Canada,CAN,1984,4600,,
Nióbio e tântalo – minerais,Concentrado (peso bruto),Pirocloro,Canada,CAN,1985,4900,,
Nióbio e tântalo – minerais,Concentrado (peso bruto),Pirocloro,Canada,CAN,1986,5600,,
Nióbio e tântalo – minerais,Concentrado (peso bruto),Pirocloro,Canada,CAN,1987,4600,,
Nióbio e tântalo – minerais,Concentrado (peso bruto),Pirocloro,Canada,CAN,1988,5600,,
Nióbio e tântalo – minerais,Concentrado (peso bruto),Pirocloro,Canada,CAN,1989,5600,,
Nióbio e tântalo – minerais,Concentrado (peso bruto),Pirocloro,Canada,CAN,1990,5600,,
Nióbio e tântalo – minerais,Concentrado (peso bruto),Pirocloro,Canada,CAN,1991,5600,,
Nióbio e tântalo – minerais,Concentrado (peso bruto),Pirocloro,Canada,CAN,1992,5500,"Content of Nb, Ta: 42%,-.",
Nióbio e tântalo – minerais,Concentrado (peso bruto),Pirocloro,Canada,CAN,1993,5700,"Content of Nb, Ta: 42%,-.",
Nióbio e tântalo – minerais,Concentrado (peso bruto),Pirocloro,Canada,CAN,1994,5600,"Content of Nb, Ta: 42%,-.",
Nióbio e tântalo – minerais,Concentrado (peso bruto),Pirocloro,Canada,CAN,1995,5800,"Content of Nb, Ta: 42%,-.",
Nióbio e tântalo – minerais,Concentrado (peso bruto),Pirocloro,Canada,CAN,1996,5700,"Content of Nb, Ta: 42%,-.",
Nióbio e tântalo – minerais,Concentrado (peso bruto),Pirocloro,Canada,CAN,1997,5700,"Content of Nb, Ta: 42%,-.",
Nióbio e tântalo – minerais,Concentrado (peso bruto),Pirocloro,Canada,CAN,1998,5600,"Content of Nb, Ta: 42%,-.",
Nióbio e tântalo – minerais,Concentrado (peso bruto),Pirocloro,Canada,CAN,1999,5800,"Content of Nb, Ta: 42%,-.",
Nióbio e tântalo – minerais,Concentrado (peso bruto),Pirocloro,Canada,CAN,2000,5400,"Estimates. | Content of Nb, Ta: 42%,-.",Informativo: estimado
Nióbio e tântalo – minerais,Concentrado (peso bruto),Pirocloro,Canada,CAN,2001,6700,"Estimates. | Content of Nb, Ta: 42%,-.",Informativo: estimado
Nióbio e tântalo – minerais,Concentrado (peso bruto),Pirocloro,Canada,CAN,2002,8100,"Estimates. | Content of Nb, Ta: 42%,-.",Informativo: estimado
Nióbio e tântalo – minerais,Concentrado (peso bruto),Pirocloro,Canada,CAN,2003,8100,"Estimates. | Content of Nb, Ta: 42%,-.",Informativo: estimado
Nióbio e tântalo – minerais,Concentrado (peso bruto),Pirocloro,Canada,CAN,2004,8600,"Estimates. | Content of Nb, Ta: 42%,-.",Informativo: estimado
Nióbio e tântalo – minerais,Concentrado (peso bruto),Pirocloro,Canada,CAN,2005,8800,"Estimates. | Content of Nb, Ta: 42%,-.",Informativo: estimado
Nióbio e tântalo – minerais,Concentrado (peso bruto),Pirocloro,Canada,CAN,2006,9800,Estimates.,Informativo: estimado
Nióbio e tântalo – minerais,Concentrado (peso bruto),Pirocloro,Canada,CAN,2007,10000,Estimates.,Informativo: estimado
Nióbio e tântalo – minerais,Concentrado (peso bruto),Pirocloro,Canada,CAN,2008,10200,Estimates.,Informativo: estimado
Nióbio e tântalo – minerais,Concentrado (peso bruto),Pirocloro,Canada,CAN,2009,9500,Estimates.,Informativo: estimado
Nióbio e tântalo – minerais,Concentrado (peso bruto),Pirocloro,Canada,CAN,2010,10100,Estimates.,Informativo: estimado
Nióbio e tântalo – minerais,Concentrado (peso bruto),Pirocloro,Canada,CAN,2011,10800,Estimates.,Informativo: estimado
Nióbio e tântalo – minerais,Concentrado (peso bruto),Pirocloro,Canada,CAN,2012,10900,Estimates.,Informativo: estimado
Nióbio e tântalo – minerais,Concentrado (peso bruto),Pirocloro,Canada,CAN,2013,12300,Estimates.,Informativo: estimado
Nióbio e tântalo – minerais,Concentrado (peso bruto),Pirocloro,Canada,CAN,2014,13000,Estimates.,Informativo: estimado
Nióbio e tântalo – minerais,Concentrado (peso bruto),Pirocloro,Canada,CAN,2015,11600,Estimates.,Informativo: estimado
Nióbio e tântalo – minerais,Concentrado (peso bruto),Pirocloro,Canada,CAN,2016,11600,Estimates.,Informativo: estimado
Nióbio e tântalo – minerais,Concentrado (peso bruto),Pirocloro,Canada,CAN,2017,12900,Estimates.,Informativo: estimado
Nióbio e tântalo – minerais,Concentrado (peso bruto),Pirocloro,Canada,CAN,2018,14100,Estimates.,Informativo: estimado
Nióbio e tântalo – minerais,Concentrado (peso bruto),Pirocloro,Canada,CAN,2019,12600,Estimates.,Informativo: estimado
Nióbio e tântalo – minerais,Concentrado (peso bruto),Pirocloro,Canada,CAN,2020,11900,Estimates.,Informativo: estimado
Nióbio e tântalo – minerais,Concentrado (peso bruto),Pirocloro,Canada,CAN,2021,13900,Estimates.,Informativo: estimado
Nióbio e tântalo – minerais,Concentrado (peso bruto),Pirocloro,Canada,CAN,2022,12000,Estimates.,Informativo: estimado
Nióbio e tântalo – minerais,Concentrado (peso bruto),Pirocloro,Canada,CAN,2023,8500,Estimates.,Informativo: estimado
Nióbio e tântalo – minerais,Concentrado (peso bruto),Pirocloro,Canada,CAN,2024,8500,Estimates.,Informativo: estimado
Nióbio e tântalo – minerais,Conteúdo de Nb,Pirocloro – conteúdo de Nb,Brazil,BRA,2012,56923,,
Nióbio e tântalo – minerais,Conteúdo de Nb,Pirocloro – conteúdo de Nb,Brazil,BRA,2013,54089,,
Nióbio e tântalo – minerais,Conteúdo de Nb,Pirocloro – conteúdo de Nb,Brazil,BRA,2014,62857,,
Nióbio e tântalo – minerais,Conteúdo de Nb,Pirocloro – conteúdo de Nb,Brazil,BRA,2015,57646,,
Nióbio e tântalo – minerais,Conteúdo de Nb,Pirocloro – conteúdo de Nb,Brazil,BRA,2016,51782,,
Nióbio e tântalo – minerais,Conteúdo de Nb,Pirocloro – conteúdo de Nb,Brazil,BRA,2017,56245,,
Nióbio e tântalo – minerais,Conteúdo de Nb,Pirocloro – conteúdo de Nb,Brazil,BRA,2018,59828,,
Nióbio e tântalo – minerais,Conteúdo de Nb,Pirocloro – conteúdo de Nb,Brazil,BRA,2019,86402,,
Nióbio e tântalo – minerais,Conteúdo de Nb,Pirocloro – conteúdo de Nb,Brazil,BRA,2020,59819,,
Nióbio e tântalo – minerais,Conteúdo de Nb,Pirocloro – conteúdo de Nb,Brazil,BRA,2021,75036,,
Nióbio e tântalo – minerais,Conteúdo de Nb,Pirocloro – conteúdo de Nb,Brazil,BRA,2022,76896,,
Nióbio e tântalo – minerais,Conteúdo de Nb,Pirocloro – conteúdo de Nb,Brazil,BRA,2023,76896,,
Nióbio e tântalo – minerais,Conteúdo de Nb,Pirocloro – conteúdo de Nb,Brazil,BRA,2024,77000,Estimates.,Informativo: estimado
Nióbio e tântalo – minerais,Conteúdo de Nb,Pirocloro – conteúdo de Nb,Canada,CAN,2012,4115,,
Nióbio e tântalo – minerais,Conteúdo de Nb,Pirocloro – conteúdo de Nb,Canada,CAN,2013,4643,,
Nióbio e tântalo – minerais,Conteúdo de Nb,Pirocloro – conteúdo de Nb,Canada,CAN,2014,4907,,
Nióbio e tântalo – minerais,Conteúdo de Nb,Pirocloro – conteúdo de Nb,Canada,CAN,2015,4379,,
Nióbio e tântalo – minerais,Conteúdo de Nb,Pirocloro – conteúdo de Nb,Canada,CAN,2016,4379,,
Nióbio e tântalo – minerais,Conteúdo de Nb,Pirocloro – conteúdo de Nb,Canada,CAN,2017,4880,,
Nióbio e tântalo – minerais,Conteúdo de Nb,Pirocloro – conteúdo de Nb,Canada,CAN,2018,5300,Estimates.,Informativo: estimado
Nióbio e tântalo – minerais,Conteúdo de Nb,Pirocloro – conteúdo de Nb,Canada,CAN,2019,4800,Estimates.,Informativo: estimado
Nióbio e tântalo – minerais,Conteúdo de Nb,Pirocloro – conteúdo de Nb,Canada,CAN,2020,4500,Estimates.,Informativo: estimado
Nióbio e tântalo – minerais,Conteúdo de Nb,Pirocloro – conteúdo de Nb,Canada,CAN,2021,5200,Estimates.,Informativo: estimado
Nióbio e tântalo – minerais,Conteúdo de Nb,Pirocloro – conteúdo de Nb,Canada,CAN,2022,4500,Estimates.,Informativo: estimado
Nióbio e tântalo – minerais,Conteúdo de Nb,Pirocloro – conteúdo de Nb,Canada,CAN,2023,3200,Estimates.,Informativo: estimado
Nióbio e tântalo – minerais,Conteúdo de Nb,Pirocloro – conteúdo de Nb,Canada,CAN,2024,3200,Estimates.,Informativo: estimado
Nióbio e tântalo – minerais,Concentrado (peso bruto),Struverita,Malaysia,MYS,1980,0,,
Nióbio e tântalo – minerais,Concentrado (peso bruto),Struverita,Malaysia,MYS,1981,0,,
Nióbio e tântalo – minerais,Concentrado (peso bruto),Struverita,Malaysia,MYS,1982,0,,
Nióbio e tântalo – minerais,Concentrado (peso bruto),Struverita,Malaysia,MYS,1983,0,,
Nióbio e tântalo – minerais,Concentrado (peso bruto),Struverita,Malaysia,MYS,1984,99,,
Nióbio e tântalo – minerais,Concentrado (peso bruto),Struverita,Malaysia,MYS,1985,120,,
Nióbio e tântalo – minerais,Concentrado (peso bruto),Struverita,Malaysia,MYS,1986,18,,
Nióbio e tântalo – minerais,Concentrado (peso bruto),Struverita,Malaysia,MYS,1987,141,,
Nióbio e tântalo – minerais,Concentrado (peso bruto),Struverita,Malaysia,MYS,1988,40,,
Nióbio e tântalo – minerais,Concentrado (peso bruto),Struverita,Malaysia,MYS,1989,242,,
Nióbio e tântalo – minerais,Concentrado (peso bruto),Struverita,Malaysia,MYS,1990,316,,
Nióbio e tântalo – minerais,Concentrado (peso bruto),Struverita,Malaysia,MYS,1991,401,,
Nióbio e tântalo – minerais,Concentrado (peso bruto),Struverita,Malaysia,MYS,1992,397,"Content of Nb, Ta: -, 10%.",
Nióbio e tântalo – minerais,Concentrado (peso bruto),Struverita,Malaysia,MYS,1993,1077,"Content of Nb, Ta: -, 10%.",
Nióbio e tântalo – minerais,Concentrado (peso bruto),Struverita,Malaysia,MYS,1994,278,"Content of Nb, Ta: -, 10%.",
Nióbio e tântalo – minerais,Concentrado (peso bruto),Struverita,Malaysia,MYS,1995,127,"Content of Nb, Ta: -, 10%.",
Nióbio e tântalo – minerais,Concentrado (peso bruto),Struverita,Malaysia,MYS,1996,265,"Content of Nb, Ta: -, 10%.",
Nióbio e tântalo – minerais,Concentrado (peso bruto),Struverita,Malaysia,MYS,1997,391,"Content of Nb, Ta: -, 10%.",
Nióbio e tântalo – minerais,Concentrado (peso bruto),Struverita,Malaysia,MYS,1998,521,"Content of Nb, Ta: -, 10%.",
Nióbio e tântalo – minerais,Concentrado (peso bruto),Struverita,Malaysia,MYS,1999,675,"Content of Nb, Ta: -, 10%.",
Nióbio e tântalo – minerais,Concentrado (peso bruto),Struverita,Malaysia,MYS,2000,969,"Content of Nb, Ta: -, 10%.",
Nióbio e tântalo – minerais,Concentrado (peso bruto),Struverita,Malaysia,MYS,2001,8430,"Content of Nb, Ta: -, 10%.",
Nióbio e tântalo – minerais,Concentrado (peso bruto),Struverita,Malaysia,MYS,2002,2298,"Content of Nb, Ta: -, 10%.",
Nióbio e tântalo – minerais,Concentrado (peso bruto),Struverita,Malaysia,MYS,2003,2619,,
Nióbio e tântalo – minerais,Concentrado (peso bruto),Struverita,Malaysia,MYS,2004,121,,
Nióbio e tântalo – minerais,Concentrado (peso bruto),Struverita,Malaysia,MYS,2005,552,,
Nióbio e tântalo – minerais,Concentrado (peso bruto),Struverita,Malaysia,MYS,2006,93,,
Nióbio e tântalo – minerais,Concentrado (peso bruto),Struverita,Malaysia,MYS,2007,52,,
Nióbio e tântalo – minerais,Concentrado (peso bruto),Struverita,Malaysia,MYS,2008,216,,
Nióbio e tântalo – minerais,Concentrado (peso bruto),Struverita,Malaysia,MYS,2009,176,,
Nióbio e tântalo – minerais,Concentrado (peso bruto),Struverita,Malaysia,MYS,2010,84,,
Nióbio e tântalo – minerais,Concentrado (peso bruto),Struverita,Malaysia,MYS,2011,110,,
Nióbio e tântalo – minerais,Concentrado (peso bruto),Struverita,Malaysia,MYS,2012,262,,
Nióbio e tântalo – minerais,Concentrado (peso bruto),Struverita,Malaysia,MYS,2013,190,,
Nióbio e tântalo – minerais,Concentrado (peso bruto),Struverita,Malaysia,MYS,2014,255,,
Nióbio e tântalo – minerais,Concentrado (peso bruto),Struverita,Malaysia,MYS,2015,86,,
Nióbio e tântalo – minerais,Concentrado (peso bruto),Struverita,Malaysia,MYS,2016,77,,
Nióbio e tântalo – minerais,Concentrado (peso bruto),Struverita,Malaysia,MYS,2017,61,,
Nióbio e tântalo – minerais,Concentrado (peso bruto),Struverita,Malaysia,MYS,2018,274,,
Nióbio e tântalo – minerais,Concentrado (peso bruto),Struverita,Malaysia,MYS,2019,12,,
Nióbio e tântalo – minerais,Concentrado (peso bruto),Struverita,Malaysia,MYS,2020,9,,
Nióbio e tântalo – minerais,Concentrado (peso bruto),Struverita,Malaysia,MYS,2021,0,,
Nióbio e tântalo – minerais,Concentrado (peso bruto),Struverita,Malaysia,MYS,2022,35,,
Nióbio e tântalo – minerais,Concentrado (peso bruto),Struverita,Malaysia,MYS,2023,49,,
Nióbio e tântalo – minerais,Concentrado (peso bruto),Struverita,Malaysia,MYS,2024,39,,
Nióbio e tântalo – minerais,Concentrado (peso bruto),Struverita,Thailand,THA,1976,0,,
Nióbio e tântalo – minerais,Concentrado (peso bruto),Struverita,Thailand,THA,1977,0,,
Nióbio e tântalo – minerais,Concentrado (peso bruto),Struverita,Thailand,THA,1978,0,,
Nióbio e tântalo – minerais,Concentrado (peso bruto),Struverita,Thailand,THA,1979,231,,
Nióbio e tântalo – minerais,Concentrado (peso bruto),Struverita,Thailand,THA,1980,301,,
Nióbio e tântalo – minerais,Concentrado (peso bruto),Struverita,Thailand,THA,1981,44,,
Nióbio e tântalo – minerais,Concentrado (peso bruto),Struverita,Thailand,THA,1982,10,,
Nióbio e tântalo – minerais,Concentrado (peso bruto),Struverita,Thailand,THA,1983,275,,
Nióbio e tântalo – minerais,Concentrado (peso bruto),Struverita,Thailand,THA,1984,30,,
Nióbio e tântalo – minerais,Concentrado (peso bruto),Struverita,Thailand,THA,1985,309,,
Nióbio e tântalo – minerais,Concentrado (peso bruto),Struverita,Thailand,THA,1986,241,,
Nióbio e tântalo – minerais,Concentrado (peso bruto),Struverita,Thailand,THA,1987,423,,
Nióbio e tântalo – minerais,Concentrado (peso bruto),Struverita,Thailand,THA,1988,788,,
Nióbio e tântalo – minerais,Concentrado (peso bruto),Struverita,Thailand,THA,1989,99,,
Nióbio e tântalo – minerais,Concentrado (peso bruto),Struverita,Thailand,THA,1990,122,,
Nióbio e tântalo – minerais,Concentrado (peso bruto),Struverita,Thailand,THA,1991,0,,
Nióbio e tântalo – minerais,Conteúdo de Ta,Struverita – conteúdo de Ta,Malaysia,MYS,2012,26,,
Nióbio e tântalo – minerais,Conteúdo de Ta,Struverita – conteúdo de Ta,Malaysia,MYS,2013,19,,
Nióbio e tântalo – minerais,Conteúdo de Ta,Struverita – conteúdo de Ta,Malaysia,MYS,2014,25,,
Nióbio e tântalo – minerais,Conteúdo de Ta,Struverita – conteúdo de Ta,Malaysia,MYS,2015,9,,
Nióbio e tântalo – minerais,Conteúdo de Ta,Struverita – conteúdo de Ta,Malaysia,MYS,2016,8,,
Nióbio e tântalo – minerais,Conteúdo de Ta,Struverita – conteúdo de Ta,Malaysia,MYS,2017,6,,
Nióbio e tântalo – minerais,Conteúdo de Ta,Struverita – conteúdo de Ta,Malaysia,MYS,2018,27,,
Nióbio e tântalo – minerais,Conteúdo de Ta,Struverita – conteúdo de Ta,Malaysia,MYS,2019,1,,
Nióbio e tântalo – minerais,Conteúdo de Ta,Struverita – conteúdo de Ta,Malaysia,MYS,2020,1,,
Nióbio e tântalo – minerais,Conteúdo de Ta,Struverita – conteúdo de Ta,Malaysia,MYS,2021,0,,
Nióbio e tântalo – minerais,Conteúdo de Ta,Struverita – conteúdo de Ta,Malaysia,MYS,2022,3,,
Nióbio e tântalo – minerais,Conteúdo de Ta,Struverita – conteúdo de Ta,Malaysia,MYS,2023,5,,
Nióbio e tântalo – minerais,Conteúdo de Ta,Struverita – conteúdo de Ta,Malaysia,MYS,2024,5,Estimates.,Informativo: estimado
Nióbio e tântalo – minerais,Concentrado (peso bruto),Tantalita,Australia,AUS,1993,337,"Content of Nb, Ta: -, 44%.",
Nióbio e tântalo – minerais,Concentrado (peso bruto),Tantalita,Australia,AUS,1994,262,"Content of Nb, Ta: -, 44%.",
Nióbio e tântalo – minerais,Concentrado (peso bruto),Tantalita,Australia,AUS,1995,365,"Content of Nb, Ta: -, 44%.",
Nióbio e tântalo – minerais,Concentrado (peso bruto),Tantalita,Australia,AUS,1996,920,"Content of Nb, Ta: -, 44%.",
Nióbio e tântalo – minerais,Concentrado (peso bruto),Tantalita,Australia,AUS,1997,1010,"Content of Nb, Ta: -, 44%.",
Nióbio e tântalo – minerais,Concentrado (peso bruto),Tantalita,Australia,AUS,1998,1150,"Content of Nb, Ta: -, 44%.",
Nióbio e tântalo – minerais,Concentrado (peso bruto),Tantalita,Australia,AUS,1999,1300,"Content of Nb, Ta: -, 44%.",
Nióbio e tântalo – minerais,Concentrado (peso bruto),Tantalita,Australia,AUS,2000,1300,Estimates.,Informativo: estimado
Nióbio e tântalo – minerais,Concentrado (peso bruto),Tantalita,Australia,AUS,2001,1700,Estimates.,Informativo: estimado
Nióbio e tântalo – minerais,Concentrado (peso bruto),Tantalita,Australia,AUS,2002,2300,Estimates.,Informativo: estimado
Nióbio e tântalo – minerais,Concentrado (peso bruto),Tantalita,Australia,AUS,2003,2300,Estimates.,Informativo: estimado
Nióbio e tântalo – minerais,Concentrado (peso bruto),Tantalita,Australia,AUS,2004,2400,Estimates.,Informativo: estimado
Nióbio e tântalo – minerais,Concentrado (peso bruto),Tantalita,Australia,AUS,2005,2500,Estimates.,Informativo: estimado
Nióbio e tântalo – minerais,Concentrado (peso bruto),Tantalita,Australia,AUS,2006,1400,Estimates.,Informativo: estimado
Nióbio e tântalo – minerais,Concentrado (peso bruto),Tantalita,Australia,AUS,2007,890,Estimates.,Informativo: estimado
Nióbio e tântalo – minerais,Concentrado (peso bruto),Tantalita,Australia,AUS,2008,940,Estimates.,Informativo: estimado
Nióbio e tântalo – minerais,Concentrado (peso bruto),Tantalita,Australia,AUS,2009,140,Estimates.,Informativo: estimado
Nióbio e tântalo – minerais,Concentrado (peso bruto),Tantalita,Australia,AUS,2010,0,,
Nióbio e tântalo – minerais,Concentrado (peso bruto),Tantalita,Australia,AUS,2011,240,Estimates.,Informativo: estimado
Nióbio e tântalo – minerais,Concentrado (peso bruto),Tantalita,Australia,AUS,2012,100,Estimates.,Informativo: estimado
Nióbio e tântalo – minerais,Concentrado (peso bruto),Tantalita,Australia,AUS,2013,0,,
Nióbio e tântalo – minerais,Concentrado (peso bruto),Tantalita,Australia,AUS,2014,0,,
Nióbio e tântalo – minerais,Concentrado (peso bruto),Tantalita,Australia,AUS,2015,250,,
Nióbio e tântalo – minerais,Concentrado (peso bruto),Tantalita,Australia,AUS,2016,38,,
Nióbio e tântalo – minerais,Concentrado (peso bruto),Tantalita,Australia,AUS,2017,74,,
Nióbio e tântalo – minerais,Concentrado (peso bruto),Tantalita,Australia,AUS,2018,117,,
Nióbio e tântalo – minerais,Concentrado (peso bruto),Tantalita,Australia,AUS,2019,247,,
Nióbio e tântalo – minerais,Concentrado (peso bruto),Tantalita,Australia,AUS,2020,153,,
Nióbio e tântalo – minerais,Concentrado (peso bruto),Tantalita,Australia,AUS,2021,213,,
Nióbio e tântalo – minerais,Concentrado (peso bruto),Tantalita,Australia,AUS,2022,184,,
Nióbio e tântalo – minerais,Concentrado (peso bruto),Tantalita,Australia,AUS,2023,159,,
Nióbio e tântalo – minerais,Concentrado (peso bruto),Tantalita,Australia,AUS,2024,201,,
Nióbio e tântalo – minerais,Concentrado (peso bruto),Tantalita,Bolivia,BOL,2011,0,,
Nióbio e tântalo – minerais,Concentrado (peso bruto),Tantalita,Bolivia,BOL,2012,0,,
Nióbio e tântalo – minerais,Concentrado (peso bruto),Tantalita,Bolivia,BOL,2013,0,,
Nióbio e tântalo – minerais,Concentrado (peso bruto),Tantalita,Bolivia,BOL,2014,23,,
Nióbio e tântalo – minerais,Concentrado (peso bruto),Tantalita,Bolivia,BOL,2015,1,,
Nióbio e tântalo – minerais,Concentrado (peso bruto),Tantalita,Bolivia,BOL,2016,0,,
Nióbio e tântalo – minerais,Concentrado (peso bruto),Tantalita,Bolivia,BOL,2017,9,,
Nióbio e tântalo – minerais,Concentrado (peso bruto),Tantalita,Bolivia,BOL,2018,59,,
Nióbio e tântalo – minerais,Concentrado (peso bruto),Tantalita,Bolivia,BOL,2019,40,Estimates.,Informativo: estimado
Nióbio e tântalo – minerais,Concentrado (peso bruto),Tantalita,Bolivia,BOL,2020,40,Estimates.,Informativo: estimado
Nióbio e tântalo – minerais,Concentrado (peso bruto),Tantalita,Bolivia,BOL,2021,2,Estimates.,Informativo: estimado
Nióbio e tântalo – minerais,Concentrado (peso bruto),Tantalita,Bolivia,BOL,2022,9,Estimates.,Informativo: estimado
Nióbio e tântalo – minerais,Concentrado (peso bruto),Tantalita,Bolivia,BOL,2023,4,Estimates.,Informativo: estimado
Nióbio e tântalo – minerais,Concentrado (peso bruto),Tantalita,Bolivia,BOL,2024,4,Estimates.,Informativo: estimado
Nióbio e tântalo – minerais,Concentrado (peso bruto),Tantalita,Brazil,BRA,1971,290,,
Nióbio e tântalo – minerais,Concentrado (peso bruto),Tantalita,Brazil,BRA,1972,65,,
Nióbio e tântalo – minerais,Concentrado (peso bruto),Tantalita,Brazil,BRA,2012,2274,,
Nióbio e tântalo – minerais,Concentrado (peso bruto),Tantalita,Brazil,BRA,2013,5612,,
Nióbio e tântalo – minerais,Concentrado (peso bruto),Tantalita,Brazil,BRA,2014,2820,,
Nióbio e tântalo – minerais,Concentrado (peso bruto),Tantalita,Brazil,BRA,2015,2153,,
Nióbio e tântalo – minerais,Concentrado (peso bruto),Tantalita,Brazil,BRA,2018,0,,
Nióbio e tântalo – minerais,Concentrado (peso bruto),Tantalita,Brazil,BRA,2019,0,,
Nióbio e tântalo – minerais,Concentrado (peso bruto),Tantalita,Brazil,BRA,2020,59,,
Nióbio e tântalo – minerais,Concentrado (peso bruto),Tantalita,Brazil,BRA,2021,65,,
Nióbio e tântalo – minerais,Concentrado (peso bruto),Tantalita,Brazil,BRA,2022,514,,
Nióbio e tântalo – minerais,Concentrado (peso bruto),Tantalita,Brazil,BRA,2023,198,,
Nióbio e tântalo – minerais,Concentrado (peso bruto),Tantalita,Brazil,BRA,2024,115,,
Nióbio e tântalo – minerais,Concentrado (peso bruto),Tantalita,Canada,CAN,1971,204,Ta2O5 content.,
Nióbio e tântalo – minerais,Concentrado (peso bruto),Tantalita,Canada,CAN,1972,19,Ta2O5 content.,
Nióbio e tântalo – minerais,Concentrado (peso bruto),Tantalita,Canada,CAN,1973,77,Ta2O5 content.,
Nióbio e tântalo – minerais,Concentrado (peso bruto),Tantalita,Canada,CAN,1974,199,Ta2O5 content.,
Nióbio e tântalo – minerais,Concentrado (peso bruto),Tantalita,Canada,CAN,1975,332,,
Nióbio e tântalo – minerais,Concentrado (peso bruto),Tantalita,Canada,CAN,1976,261,,
Nióbio e tântalo – minerais,Concentrado (peso bruto),Tantalita,Canada,CAN,1977,261,,
Nióbio e tântalo – minerais,Concentrado (peso bruto),Tantalita,Canada,CAN,1978,295,,
Nióbio e tântalo – minerais,Concentrado (peso bruto),Tantalita,Canada,CAN,1979,295,,
Nióbio e tântalo – minerais,Concentrado (peso bruto),Tantalita,Canada,CAN,1980,214,,
Nióbio e tântalo – minerais,Concentrado (peso bruto),Tantalita,Canada,CAN,1981,283,,
Nióbio e tântalo – minerais,Concentrado (peso bruto),Tantalita,Canada,CAN,1982,164,,
Nióbio e tântalo – minerais,Concentrado (peso bruto),Tantalita,Canada,CAN,1983,0,,
Nióbio e tântalo – minerais,Concentrado (peso bruto),Tantalita,Canada,CAN,1984,0,,
Nióbio e tântalo – minerais,Concentrado (peso bruto),Tantalita,Canada,CAN,1985,106,,
Nióbio e tântalo – minerais,Concentrado (peso bruto),Tantalita,Canada,CAN,1986,107,,
Nióbio e tântalo – minerais,Concentrado (peso bruto),Tantalita,Canada,CAN,1987,0,,
Nióbio e tântalo – minerais,Concentrado (peso bruto),Tantalita,Canada,CAN,1988,37,,
Nióbio e tântalo – minerais,Concentrado (peso bruto),Tantalita,Canada,CAN,1989,253,,
Nióbio e tântalo – minerais,Concentrado (peso bruto),Tantalita,Canada,CAN,1990,287,,
Nióbio e tântalo – minerais,Concentrado (peso bruto),Tantalita,Canada,CAN,1991,310,,
Nióbio e tântalo – minerais,Concentrado (peso bruto),Tantalita,Canada,CAN,1992,160,"Content of Nb, Ta: 3%, 30%.",
Nióbio e tântalo – minerais,Concentrado (peso bruto),Tantalita,Canada,CAN,1993,103,"Content of Nb, Ta: 3%, 30%.",
Nióbio e tântalo – minerais,Concentrado (peso bruto),Tantalita,Canada,CAN,1994,67,"Content of Nb, Ta: 3%, 30%.",
Nióbio e tântalo – minerais,Concentrado (peso bruto),Tantalita,Canada,CAN,1995,67,"Content of Nb, Ta: 3%, 30%.",
Nióbio e tântalo – minerais,Concentrado (peso bruto),Tantalita,Canada,CAN,1996,187,"Content of Nb, Ta: 3%, 30%.",
Nióbio e tântalo – minerais,Concentrado (peso bruto),Tantalita,Canada,CAN,1997,180,"Content of Nb, Ta: 3%, 30%.",
Nióbio e tântalo – minerais,Concentrado (peso bruto),Tantalita,Canada,CAN,1998,190,"Content of Nb, Ta: 3%, 30%.",
Nióbio e tântalo – minerais,Concentrado (peso bruto),Tantalita,Canada,CAN,1999,173,"Content of Nb, Ta: 3%, 30%.",
Nióbio e tântalo – minerais,Concentrado (peso bruto),Tantalita,Canada,CAN,2000,190,"Content of Nb, Ta: 3%, 30%.",
Nióbio e tântalo – minerais,Concentrado (peso bruto),Tantalita,Canada,CAN,2001,277,"Content of Nb, Ta: 3%, 30%.",
Nióbio e tântalo – minerais,Concentrado (peso bruto),Tantalita,Canada,CAN,2002,215,"Content of Nb, Ta: 3%, 30%.",
Nióbio e tântalo – minerais,Concentrado (peso bruto),Tantalita,Canada,CAN,2003,203,"Content of Nb, Ta: 3%, 30%.",
Nióbio e tântalo – minerais,Concentrado (peso bruto),Tantalita,Canada,CAN,2004,209,"Content of Nb, Ta: 3%, 30%.",
Nióbio e tântalo – minerais,Concentrado (peso bruto),Tantalita,Canada,CAN,2005,233,"Content of Nb, Ta: 3%, 30%.",
Nióbio e tântalo – minerais,Concentrado (peso bruto),Tantalita,Canada,CAN,2006,204,,
Nióbio e tântalo – minerais,Concentrado (peso bruto),Tantalita,Canada,CAN,2007,167,,
Nióbio e tântalo – minerais,Concentrado (peso bruto),Tantalita,Canada,CAN,2008,161,,
Nióbio e tântalo – minerais,Concentrado (peso bruto),Tantalita,Canada,CAN,2009,88,,
Nióbio e tântalo – minerais,Concentrado (peso bruto),Tantalita,Canada,CAN,2010,0,,
Nióbio e tântalo – minerais,Concentrado (peso bruto),Tantalita,Canada,CAN,2011,0,,
Nióbio e tântalo – minerais,Concentrado (peso bruto),Tantalita,Canada,CAN,2012,0,,
Nióbio e tântalo – minerais,Concentrado (peso bruto),Tantalita,Canada,CAN,2013,121,,
Nióbio e tântalo – minerais,Concentrado (peso bruto),Tantalita,Ethiopia,ETH,1994,30,Years ended 7 July of that stated.,
Nióbio e tântalo – minerais,Concentrado (peso bruto),Tantalita,Ethiopia,ETH,1995,43,Years ended 7 July of that stated.,
Nióbio e tântalo – minerais,Concentrado (peso bruto),Tantalita,Ethiopia,ETH,1996,70,Years ended 7 July of that stated.,
Nióbio e tântalo – minerais,Concentrado (peso bruto),Tantalita,Ethiopia,ETH,1997,80,Years ended 7 July of that stated.,
Nióbio e tântalo – minerais,Concentrado (peso bruto),Tantalita,Ethiopia,ETH,1998,80,Years ended 7 July of that stated.,
Nióbio e tântalo – minerais,Concentrado (peso bruto),Tantalita,Ethiopia,ETH,1999,50,Years ended 7 July of that stated.,
Nióbio e tântalo – minerais,Concentrado (peso bruto),Tantalita,Ethiopia,ETH,2000,66,Years ended 7 July of that stated.,
Nióbio e tântalo – minerais,Concentrado (peso bruto),Tantalita,Ethiopia,ETH,2001,47,Years ended 7 July of that stated.,
Nióbio e tântalo – minerais,Concentrado (peso bruto),Tantalita,Ethiopia,ETH,2002,55,Years ended 7 July of that stated.,
Nióbio e tântalo – minerais,Concentrado (peso bruto),Tantalita,Ethiopia,ETH,2003,58,Years ended 7 July of that stated.,
Nióbio e tântalo – minerais,Concentrado (peso bruto),Tantalita,Ethiopia,ETH,2004,71,Years ended 7 July of that stated.,
Nióbio e tântalo – minerais,Concentrado (peso bruto),Tantalita,Ethiopia,ETH,2005,93,Years ended 7 July of that stated.,
Nióbio e tântalo – minerais,Concentrado (peso bruto),Tantalita,Ethiopia,ETH,2006,109,Years ended 7 July of that stated.,
Nióbio e tântalo – minerais,Concentrado (peso bruto),Tantalita,Ethiopia,ETH,2007,117,Years ended 7 July of that stated.,
Nióbio e tântalo – minerais,Concentrado (peso bruto),Tantalita,Ethiopia,ETH,2008,183,Years ended 7 July of that stated.,
Nióbio e tântalo – minerais,Concentrado (peso bruto),Tantalita,Ethiopia,ETH,2009,206,Years ended 7 July of that stated.,
Nióbio e tântalo – minerais,Concentrado (peso bruto),Tantalita,Ethiopia,ETH,2010,400,Years ended 7 July of that stated.,
Nióbio e tântalo – minerais,Concentrado (peso bruto),Tantalita,Ethiopia,ETH,2011,95,Years ended 7 July of that stated.,
Nióbio e tântalo – minerais,Concentrado (peso bruto),Tantalita,Ethiopia,ETH,2012,91,Years ended 7 July of that stated.,
Nióbio e tântalo – minerais,Concentrado (peso bruto),Tantalita,Ethiopia,ETH,2013,11,Years ended 7 July of that stated.,
Nióbio e tântalo – minerais,Concentrado (peso bruto),Tantalita,Ethiopia,ETH,2014,46,Years ended 7 July of that stated.,
Nióbio e tântalo – minerais,Concentrado (peso bruto),Tantalita,Ethiopia,ETH,2015,59,Years ended 7 July of that stated.,
Nióbio e tântalo – minerais,Concentrado (peso bruto),Tantalita,Ethiopia,ETH,2016,63,Years ended 7 July of that stated.,
Nióbio e tântalo – minerais,Concentrado (peso bruto),Tantalita,Mozambique,MOZ,1975,46,,
Nióbio e tântalo – minerais,Concentrado (peso bruto),Tantalita,Mozambique,MOZ,1976,30,,
Nióbio e tântalo – minerais,Concentrado (peso bruto),Tantalita,Mozambique,MOZ,1977,39,,
Nióbio e tântalo – minerais,Concentrado (peso bruto),Tantalita,Mozambique,MOZ,1978,39,,
Nióbio e tântalo – minerais,Concentrado (peso bruto),Tantalita,Mozambique,MOZ,1979,34,,
Nióbio e tântalo – minerais,Concentrado (peso bruto),Tantalita,Mozambique,MOZ,1980,26,,
Nióbio e tântalo – minerais,Concentrado (peso bruto),Tantalita,Mozambique,MOZ,1981,34,,
Nióbio e tântalo – minerais,Concentrado (peso bruto),Tantalita,Mozambique,MOZ,1982,22,,
Nióbio e tântalo – minerais,Concentrado (peso bruto),Tantalita,Mozambique,MOZ,1983,14,,
Nióbio e tântalo – minerais,Concentrado (peso bruto),Tantalita,Mozambique,MOZ,1984,7,,
Nióbio e tântalo – minerais,Concentrado (peso bruto),Tantalita,Mozambique,MOZ,1985,4,,
Nióbio e tântalo – minerais,Concentrado (peso bruto),Tantalita,Mozambique,MOZ,1986,3,,
Nióbio e tântalo – minerais,Concentrado (peso bruto),Tantalita,Mozambique,MOZ,2000,0,,
Nióbio e tântalo – minerais,Concentrado (peso bruto),Tantalita,Mozambique,MOZ,2001,27,,
Nióbio e tântalo – minerais,Concentrado (peso bruto),Tantalita,Mozambique,MOZ,2002,47,,
Nióbio e tântalo – minerais,Concentrado (peso bruto),Tantalita,Mozambique,MOZ,2003,189,,
Nióbio e tântalo – minerais,Concentrado (peso bruto),Tantalita,Mozambique,MOZ,2004,712,,
Nióbio e tântalo – minerais,Concentrado (peso bruto),Tantalita,Mozambique,MOZ,2005,281,,
Nióbio e tântalo – minerais,Concentrado (peso bruto),Tantalita,Mozambique,MOZ,2006,95,,
Nióbio e tântalo – minerais,Concentrado (peso bruto),Tantalita,Mozambique,MOZ,2007,196,,
Nióbio e tântalo – minerais,Concentrado (peso bruto),Tantalita,Mozambique,MOZ,2008,396,,
Nióbio e tântalo – minerais,Concentrado (peso bruto),Tantalita,Mozambique,MOZ,2009,405,,
Nióbio e tântalo – minerais,Concentrado (peso bruto),Tantalita,Mozambique,MOZ,2010,55,,
Nióbio e tântalo – minerais,Concentrado (peso bruto),Tantalita,Mozambique,MOZ,2011,39,,
Nióbio e tântalo – minerais,Concentrado (peso bruto),Tantalita,Mozambique,MOZ,2012,83,,
Nióbio e tântalo – minerais,Concentrado (peso bruto),Tantalita,Mozambique,MOZ,2013,43,,
Nióbio e tântalo – minerais,Concentrado (peso bruto),Tantalita,Mozambique,MOZ,2016,92,,
Nióbio e tântalo – minerais,Concentrado (peso bruto),Tantalita,Mozambique,MOZ,2017,127,,
Nióbio e tântalo – minerais,Concentrado (peso bruto),Tantalita,Mozambique,MOZ,2018,146,,
Nióbio e tântalo – minerais,Concentrado (peso bruto),Tantalita,Mozambique,MOZ,2019,132,,
Nióbio e tântalo – minerais,Concentrado (peso bruto),Tantalita,Mozambique,MOZ,2020,209,,
Nióbio e tântalo – minerais,Concentrado (peso bruto),Tantalita,Mozambique,MOZ,2021,178,,
Nióbio e tântalo – minerais,Concentrado (peso bruto),Tantalita,Mozambique,MOZ,2022,211,,
Nióbio e tântalo – minerais,Concentrado (peso bruto),Tantalita,Mozambique,MOZ,2023,205,,
Nióbio e tântalo – minerais,Concentrado (peso bruto),Tantalita,Mozambique,MOZ,2024,139,,
Nióbio e tântalo – minerais,Concentrado (peso bruto),Tantalita,Namibia,NAM,1982,5,,
Nióbio e tântalo – minerais,Concentrado (peso bruto),Tantalita,Namibia,NAM,1983,3,,
Nióbio e tântalo – minerais,Concentrado (peso bruto),Tantalita,Namibia,NAM,1984,5,,
Nióbio e tântalo – minerais,Concentrado (peso bruto),Tantalita,Namibia,NAM,1985,3,,
Nióbio e tântalo – minerais,Concentrado (peso bruto),Tantalita,Namibia,NAM,1986,8,,
Nióbio e tântalo – minerais,Concentrado (peso bruto),Tantalita,Namibia,NAM,1987,14,,
Nióbio e tântalo – minerais,Concentrado (peso bruto),Tantalita,Namibia,NAM,1988,7,,
Nióbio e tântalo – minerais,Concentrado (peso bruto),Tantalita,Namibia,NAM,1989,6,,
Nióbio e tântalo – minerais,Concentrado (peso bruto),Tantalita,Namibia,NAM,1990,4,,
Nióbio e tântalo – minerais,Concentrado (peso bruto),Tantalita,Namibia,NAM,1991,0,,"Informativo: menos de 0,5 t"
Nióbio e tântalo – minerais,Concentrado (peso bruto),Tantalita,Namibia,NAM,1993,0,"Content of Nb, Ta: -, 14%.","Informativo: menos de 0,5 t"
Nióbio e tântalo – minerais,Concentrado (peso bruto),Tantalita,Namibia,NAM,1994,0,,"Informativo: menos de 0,5 t"
Nióbio e tântalo – minerais,Concentrado (peso bruto),Tantalita,Namibia,NAM,1995,16,,
Nióbio e tântalo – minerais,Concentrado (peso bruto),Tantalita,Namibia,NAM,2020,,,Informativo: valor ausente
Nióbio e tântalo – minerais,Concentrado (peso bruto),Tantalita,Namibia,NAM,2021,,,Informativo: valor ausente
Nióbio e tântalo – minerais,Concentrado (peso bruto),Tantalita,Namibia,NAM,2022,0,,
Nióbio e tântalo – minerais,Concentrado (peso bruto),Tantalita,Namibia,NAM,2023,7,,
Nióbio e tântalo – minerais,Concentrado (peso bruto),Tantalita,Namibia,NAM,2024,51,,
Nióbio e tântalo – minerais,Concentrado (peso bruto),Tantalita,Nigeria,NGA,1971,4,,
Nióbio e tântalo – minerais,Concentrado (peso bruto),Tantalita,Nigeria,NGA,1972,1,,
Nióbio e tântalo – minerais,Concentrado (peso bruto),Tantalita,Nigeria,NGA,1973,1,,
Nióbio e tântalo – minerais,Concentrado (peso bruto),Tantalita,Nigeria,NGA,1974,1,,
Nióbio e tântalo – minerais,Concentrado (peso bruto),Tantalita,Nigeria,NGA,1975,1,,
Nióbio e tântalo – minerais,Concentrado (peso bruto),Tantalita,Nigeria,NGA,1976,4,,
Nióbio e tântalo – minerais,Concentrado (peso bruto),Tantalita,Nigeria,NGA,1977,1,,
Nióbio e tântalo – minerais,Concentrado (peso bruto),Tantalita,Nigeria,NGA,1978,1,,
Nióbio e tântalo – minerais,Concentrado (peso bruto),Tantalita,Nigeria,NGA,1979,1,,
Nióbio e tântalo – minerais,Concentrado (peso bruto),Tantalita,Nigeria,NGA,1980,1,,
Nióbio e tântalo – minerais,Concentrado (peso bruto),Tantalita,Nigeria,NGA,1996,25,Estimates.,Informativo: estimado
Nióbio e tântalo – minerais,Concentrado (peso bruto),Tantalita,Nigeria,NGA,1997,25,Estimates.,Informativo: estimado
Nióbio e tântalo – minerais,Concentrado (peso bruto),Tantalita,Nigeria,NGA,1998,25,Estimates.,Informativo: estimado
Nióbio e tântalo – minerais,Concentrado (peso bruto),Tantalita,Nigeria,NGA,1999,25,Estimates.,Informativo: estimado
Nióbio e tântalo – minerais,Concentrado (peso bruto),Tantalita,Nigeria,NGA,2000,25,Estimates.,Informativo: estimado
Nióbio e tântalo – minerais,Concentrado (peso bruto),Tantalita,Nigeria,NGA,2001,25,Estimates.,Informativo: estimado
Nióbio e tântalo – minerais,Concentrado (peso bruto),Tantalita,Nigeria,NGA,2002,25,Estimates.,Informativo: estimado
Nióbio e tântalo – minerais,Concentrado (peso bruto),Tantalita,Nigeria,NGA,2003,26,,
Nióbio e tântalo – minerais,Concentrado (peso bruto),Tantalita,Nigeria,NGA,2004,24,,
Nióbio e tântalo – minerais,Concentrado (peso bruto),Tantalita,Nigeria,NGA,2005,25,Estimates.,Informativo: estimado
Nióbio e tântalo – minerais,Concentrado (peso bruto),Tantalita,Nigeria,NGA,2006,25,,
Nióbio e tântalo – minerais,Concentrado (peso bruto),Tantalita,Nigeria,NGA,2009,83,,
Nióbio e tântalo – minerais,Concentrado (peso bruto),Tantalita,Nigeria,NGA,2010,58,,
Nióbio e tântalo – minerais,Concentrado (peso bruto),Tantalita,Nigeria,NGA,2011,64,,
Nióbio e tântalo – minerais,Concentrado (peso bruto),Tantalita,Nigeria,NGA,2012,63,,
Nióbio e tântalo – minerais,Concentrado (peso bruto),Tantalita,Nigeria,NGA,2013,60,,
Nióbio e tântalo – minerais,Concentrado (peso bruto),Tantalita,Nigeria,NGA,2014,60,Estimates.,Informativo: estimado
Nióbio e tântalo – minerais,Concentrado (peso bruto),Tantalita,Nigeria,NGA,2015,32,,
Nióbio e tântalo – minerais,Concentrado (peso bruto),Tantalita,Nigeria,NGA,2016,28,,
Nióbio e tântalo – minerais,Concentrado (peso bruto),Tantalita,Nigeria,NGA,2017,19,,
Nióbio e tântalo – minerais,Concentrado (peso bruto),Tantalita,Nigeria,NGA,2018,0,,"Informativo: menos de 0,5 t"
Nióbio e tântalo – minerais,Concentrado (peso bruto),Tantalita,Nigeria,NGA,2019,1,,
Nióbio e tântalo – minerais,Concentrado (peso bruto),Tantalita,Nigeria,NGA,2020,1,Estimates.,Informativo: estimado
Nióbio e tântalo – minerais,Concentrado (peso bruto),Tantalita,Nigeria,NGA,2021,44,,
Nióbio e tântalo – minerais,Concentrado (peso bruto),Tantalita,Nigeria,NGA,2022,4,,
Nióbio e tântalo – minerais,Concentrado (peso bruto),Tantalita,Nigeria,NGA,2023,5,,
Nióbio e tântalo – minerais,Concentrado (peso bruto),Tantalita,Nigeria,NGA,2024,5,Estimates.,Informativo: estimado
Nióbio e tântalo – minerais,Concentrado (peso bruto),Tantalita,Spain,ESP,1978,45,,
Nióbio e tântalo – minerais,Concentrado (peso bruto),Tantalita,Spain,ESP,1979,34,,
Nióbio e tântalo – minerais,Concentrado (peso bruto),Tantalita,Spain,ESP,1980,51,,
Nióbio e tântalo – minerais,Concentrado (peso bruto),Tantalita,Spain,ESP,1981,58,,
Nióbio e tântalo – minerais,Concentrado (peso bruto),Tantalita,Spain,ESP,1982,54,,
Nióbio e tântalo – minerais,Concentrado (peso bruto),Tantalita,Spain,ESP,1983,47,,
Nióbio e tântalo – minerais,Concentrado (peso bruto),Tantalita,Spain,ESP,1984,32,,
Nióbio e tântalo – minerais,Concentrado (peso bruto),Tantalita,Spain,ESP,1985,18,,
Nióbio e tântalo – minerais,Concentrado (peso bruto),Tantalita,Spain,ESP,1986,13,,
Nióbio e tântalo – minerais,Concentrado (peso bruto),Tantalita,Spain,ESP,1987,10,Estimates.,Informativo: estimado
Nióbio e tântalo – minerais,Concentrado (peso bruto),Tantalita,Spain,ESP,1988,11,Estimates.,Informativo: estimado
Nióbio e tântalo – minerais,Concentrado (peso bruto),Tantalita,Spain,ESP,1989,11,Estimates.,Informativo: estimado
Nióbio e tântalo – minerais,Concentrado (peso bruto),Tantalita,Spain,ESP,1990,10,Estimates.,Informativo: estimado
Nióbio e tântalo – minerais,Concentrado (peso bruto),Tantalita,Spain,ESP,1991,8,Estimates.,Informativo: estimado
Nióbio e tântalo – minerais,Concentrado (peso bruto),Tantalita,Spain,ESP,1992,8,"Estimates. | Content of Nb, Ta: -, 25%.",Informativo: estimado
Nióbio e tântalo – minerais,Concentrado (peso bruto),Tantalita,Thailand,THA,1971,21,,
Nióbio e tântalo – minerais,Concentrado (peso bruto),Tantalita,Thailand,THA,1972,8,,
Nióbio e tântalo – minerais,Concentrado (peso bruto),Tantalita,Thailand,THA,1973,16,,
Nióbio e tântalo – minerais,Concentrado (peso bruto),Tantalita,Thailand,THA,1974,82,,
Nióbio e tântalo – minerais,Concentrado (peso bruto),Tantalita,Thailand,THA,1975,103,,
Nióbio e tântalo – minerais,Concentrado (peso bruto),Tantalita,Thailand,THA,1976,7,,
Nióbio e tântalo – minerais,Concentrado (peso bruto),Tantalita,Thailand,THA,1977,41,,
Nióbio e tântalo – minerais,Concentrado (peso bruto),Tantalita,Thailand,THA,1978,0,,
Nióbio e tântalo – minerais,Concentrado (peso bruto),Tantalita,Thailand,THA,1979,25,,
Nióbio e tântalo – minerais,Concentrado (peso bruto),Tantalita,Thailand,THA,1980,143,,
Nióbio e tântalo – minerais,Conteúdo de Ta,Tantalita – conteúdo de Ta,Australia,AUS,2012,49,Estimates.,Informativo: estimado
Nióbio e tântalo – minerais,Conteúdo de Ta,Tantalita – conteúdo de Ta,Australia,AUS,2013,0,Estimates.,Informativo: estimado
Nióbio e tântalo – minerais,Conteúdo de Ta,Tantalita – conteúdo de Ta,Australia,AUS,2014,0,Estimates.,Informativo: estimado
Nióbio e tântalo – minerais,Conteúdo de Ta,Tantalita – conteúdo de Ta,Australia,AUS,2015,123,,
Nióbio e tântalo – minerais,Conteúdo de Ta,Tantalita – conteúdo de Ta,Australia,AUS,2016,19,,
Nióbio e tântalo – minerais,Conteúdo de Ta,Tantalita – conteúdo de Ta,Australia,AUS,2017,36,,
Nióbio e tântalo – minerais,Conteúdo de Ta,Tantalita – conteúdo de Ta,Australia,AUS,2018,57,,
Nióbio e tântalo – minerais,Conteúdo de Ta,Tantalita – conteúdo de Ta,Australia,AUS,2019,121,,
Nióbio e tântalo – minerais,Conteúdo de Ta,Tantalita – conteúdo de Ta,Australia,AUS,2020,75,,
Nióbio e tântalo – minerais,Conteúdo de Ta,Tantalita – conteúdo de Ta,Australia,AUS,2021,105,,
Nióbio e tântalo – minerais,Conteúdo de Ta,Tantalita – conteúdo de Ta,Australia,AUS,2022,90,,
Nióbio e tântalo – minerais,Conteúdo de Ta,Tantalita – conteúdo de Ta,Australia,AUS,2023,78,,
Nióbio e tântalo – minerais,Conteúdo de Ta,Tantalita – conteúdo de Ta,Australia,AUS,2024,99,,
Nióbio e tântalo – minerais,Conteúdo de Ta,Tantalita – conteúdo de Ta,Bolivia,BOL,2014,11,,
Nióbio e tântalo – minerais,Conteúdo de Ta,Tantalita – conteúdo de Ta,Bolivia,BOL,2015,1,,
Nióbio e tântalo – minerais,Conteúdo de Ta,Tantalita – conteúdo de Ta,Bolivia,BOL,2017,4,,
Nióbio e tântalo – minerais,Conteúdo de Ta,Tantalita – conteúdo de Ta,Bolivia,BOL,2018,29,,
Nióbio e tântalo – minerais,Conteúdo de Ta,Tantalita – conteúdo de Ta,Bolivia,BOL,2019,20,Estimates.,Informativo: estimado
Nióbio e tântalo – minerais,Conteúdo de Ta,Tantalita – conteúdo de Ta,Bolivia,BOL,2020,20,Estimates.,Informativo: estimado
Nióbio e tântalo – minerais,Conteúdo de Ta,Tantalita – conteúdo de Ta,Bolivia,BOL,2021,1,Estimates.,Informativo: estimado
Nióbio e tântalo – minerais,Conteúdo de Ta,Tantalita – conteúdo de Ta,Bolivia,BOL,2022,4,Estimates.,Informativo: estimado
Nióbio e tântalo – minerais,Conteúdo de Ta,Tantalita – conteúdo de Ta,Bolivia,BOL,2023,2,Estimates.,Informativo: estimado
Nióbio e tântalo – minerais,Conteúdo de Ta,Tantalita – conteúdo de Ta,Bolivia,BOL,2024,2,Estimates.,Informativo: estimado
Nióbio e tântalo – minerais,Conteúdo de Ta,Tantalita – conteúdo de Ta,Brazil,BRA,2012,268,,
Nióbio e tântalo – minerais,Conteúdo de Ta,Tantalita – conteúdo de Ta,Brazil,BRA,2013,850,,
Nióbio e tântalo – minerais,Conteúdo de Ta,Tantalita – conteúdo de Ta,Brazil,BRA,2014,323,,
Nióbio e tântalo – minerais,Conteúdo de Ta,Tantalita – conteúdo de Ta,Brazil,BRA,2015,223,,
Nióbio e tântalo – minerais,Conteúdo de Ta,Tantalita – conteúdo de Ta,Brazil,BRA,2018,88,,
Nióbio e tântalo – minerais,Conteúdo de Ta,Tantalita – conteúdo de Ta,Brazil,BRA,2019,64,,
Nióbio e tântalo – minerais,Conteúdo de Ta,Tantalita – conteúdo de Ta,Brazil,BRA,2020,9,,
Nióbio e tântalo – minerais,Conteúdo de Ta,Tantalita – conteúdo de Ta,Brazil,BRA,2021,10,,
Nióbio e tântalo – minerais,Conteúdo de Ta,Tantalita – conteúdo de Ta,Brazil,BRA,2022,0,,
Nióbio e tântalo – minerais,Conteúdo de Ta,Tantalita – conteúdo de Ta,Brazil,BRA,2023,0,,
Nióbio e tântalo – minerais,Conteúdo de Ta,Tantalita – conteúdo de Ta,Brazil,BRA,2024,0,,
Nióbio e tântalo – minerais,Conteúdo de Ta,Tantalita – conteúdo de Ta,Canada,CAN,2013,60,,
Nióbio e tântalo – minerais,Conteúdo de Ta,Tantalita – conteúdo de Ta,Canada,CAN,2014,,,Informativo: valor ausente
Nióbio e tântalo – minerais,Conteúdo de Ta,Tantalita – conteúdo de Ta,Ethiopia,ETH,2012,45,Years ended 7 July of that stated.,
Nióbio e tântalo – minerais,Conteúdo de Ta,Tantalita – conteúdo de Ta,Ethiopia,ETH,2013,5,Years ended 7 July of that stated.,
Nióbio e tântalo – minerais,Conteúdo de Ta,Tantalita – conteúdo de Ta,Ethiopia,ETH,2014,23,Years ended 7 July of that stated.,
Nióbio e tântalo – minerais,Conteúdo de Ta,Tantalita – conteúdo de Ta,Ethiopia,ETH,2015,29,Years ended 7 July of that stated.,
Nióbio e tântalo – minerais,Conteúdo de Ta,Tantalita – conteúdo de Ta,Ethiopia,ETH,2016,31,Years ended 7 July of that stated.,
Nióbio e tântalo – minerais,Conteúdo de Ta,Tantalita – conteúdo de Ta,Ethiopia,ETH,2017,48,Estimates. | Years ended 7 July of that stated.,Informativo: estimado
Nióbio e tântalo – minerais,Conteúdo de Ta,Tantalita – conteúdo de Ta,Ethiopia,ETH,2018,37,Estimates. | Years ended 7 July of that stated.,Informativo: estimado
Nióbio e tântalo – minerais,Conteúdo de Ta,Tantalita – conteúdo de Ta,Mozambique,MOZ,2012,41,,
Nióbio e tântalo – minerais,Conteúdo de Ta,Tantalita – conteúdo de Ta,Mozambique,MOZ,2013,21,,
Nióbio e tântalo – minerais,Conteúdo de Ta,Tantalita – conteúdo de Ta,Mozambique,MOZ,2016,45,,
Nióbio e tântalo – minerais,Conteúdo de Ta,Tantalita – conteúdo de Ta,Mozambique,MOZ,2017,62,,
Nióbio e tântalo – minerais,Conteúdo de Ta,Tantalita – conteúdo de Ta,Mozambique,MOZ,2018,72,,
Nióbio e tântalo – minerais,Conteúdo de Ta,Tantalita – conteúdo de Ta,Mozambique,MOZ,2019,65,,
Nióbio e tântalo – minerais,Conteúdo de Ta,Tantalita – conteúdo de Ta,Mozambique,MOZ,2020,103,,
Nióbio e tântalo – minerais,Conteúdo de Ta,Tantalita – conteúdo de Ta,Mozambique,MOZ,2021,88,,
Nióbio e tântalo – minerais,Conteúdo de Ta,Tantalita – conteúdo de Ta,Mozambique,MOZ,2022,104,,
Nióbio e tântalo – minerais,Conteúdo de Ta,Tantalita – conteúdo de Ta,Mozambique,MOZ,2023,101,,
Nióbio e tântalo – minerais,Conteúdo de Ta,Tantalita – conteúdo de Ta,Mozambique,MOZ,2024,68,,
Nióbio e tântalo – minerais,Conteúdo de Ta,Tantalita – conteúdo de Ta,Nigeria,NGA,2012,31,,
Nióbio e tântalo – minerais,Conteúdo de Ta,Tantalita – conteúdo de Ta,Nigeria,NGA,2013,30,,
Nióbio e tântalo – minerais,Conteúdo de Ta,Tantalita – conteúdo de Ta,Nigeria,NGA,2014,30,Estimates.,Informativo: estimado
Nióbio e tântalo – minerais,Conteúdo de Ta,Tantalita – conteúdo de Ta,Nigeria,NGA,2015,30,Estimates.,Informativo: estimado
Nióbio e tântalo – minerais,Conteúdo de Ta,Tantalita – conteúdo de Ta,Nigeria,NGA,2016,14,,
Nióbio e tântalo – minerais,Conteúdo de Ta,Tantalita – conteúdo de Ta,Nigeria,NGA,2017,9,,
Nióbio e tântalo – minerais,Conteúdo de Ta,Tantalita – conteúdo de Ta,Nigeria,NGA,2018,0,,
Nióbio e tântalo – minerais,Conteúdo de Ta,Tantalita – conteúdo de Ta,Nigeria,NGA,2019,1,,
Nióbio e tântalo – minerais,Conteúdo de Ta,Tantalita – conteúdo de Ta,Nigeria,NGA,2020,1,Estimates.,Informativo: estimado
Nióbio e tântalo – minerais,Conteúdo de Ta,Tantalita – conteúdo de Ta,Nigeria,NGA,2021,22,,
Nióbio e tântalo – minerais,Conteúdo de Ta,Tantalita – conteúdo de Ta,Nigeria,NGA,2022,2,,
Nióbio e tântalo – minerais,Conteúdo de Ta,Tantalita – conteúdo de Ta,Nigeria,NGA,2023,2,,
Nióbio e tântalo – minerais,Conteúdo de Ta,Tantalita – conteúdo de Ta,Nigeria,NGA,2024,2,Estimates.,Informativo: estimado
Nióbio e tântalo – minerais,Conteúdo de Nb,Tântalo e nióbio – conteúdo de Nb,Ethiopia,ETH,2013,0,Years ended 7 July of that stated.,
Nióbio e tântalo – minerais,Conteúdo de Nb,Tântalo e nióbio – conteúdo de Nb,Ethiopia,ETH,2014,0,Years ended 7 July of that stated.,
Nióbio e tântalo – minerais,Conteúdo de Nb,Tântalo e nióbio – conteúdo de Nb,Ethiopia,ETH,2015,0,Years ended 7 July of that stated.,
Nióbio e tântalo – minerais,Conteúdo de Nb,Tântalo e nióbio – conteúdo de Nb,Ethiopia,ETH,2016,0,Years ended 7 July of that stated.,
Nióbio e tântalo – minerais,Conteúdo de Nb,Tântalo e nióbio – conteúdo de Nb,Ethiopia,ETH,2017,22,Estimates. | Years ended 7 July of that stated.,Informativo: estimado
Nióbio e tântalo – minerais,Conteúdo de Nb,Tântalo e nióbio – conteúdo de Nb,Ethiopia,ETH,2018,26,Estimates. | Years ended 7 July of that stated.,Informativo: estimado
Nióbio e tântalo – minerais,Conteúdo de Nb,Tântalo e nióbio – conteúdo de Nb,Ethiopia,ETH,2019,7,Estimates. | Years ended 7 July of that stated.,Informativo: estimado
Nióbio e tântalo – minerais,Conteúdo de Nb,Tântalo e nióbio – conteúdo de Nb,Ethiopia,ETH,2020,7,Estimates. | Years ended 7 July of that stated.,Informativo: estimado
Nióbio e tântalo – minerais,Conteúdo de Nb,Tântalo e nióbio – conteúdo de Nb,Ethiopia,ETH,2021,12,Estimates. | Years ended 7 July of that stated.,Informativo: estimado
Nióbio e tântalo – minerais,Conteúdo de Nb,Tântalo e nióbio – conteúdo de Nb,Ethiopia,ETH,2022,15,Estimates. | Years ended 7 July of that stated.,Informativo: estimado
Nióbio e tântalo – minerais,Conteúdo de Nb,Tântalo e nióbio – conteúdo de Nb,Ethiopia,ETH,2023,15,Estimates. | Years ended 7 July of that stated.,Informativo: estimado
Nióbio e tântalo – minerais,Conteúdo de Nb,Tântalo e nióbio – conteúdo de Nb,Ethiopia,ETH,2024,15,Estimates. | Years ended 7 July of that stated.,Informativo: estimado
Nióbio e tântalo – minerais,Conteúdo de Nb,Tântalo e nióbio – conteúdo de Nb,Russia,RUS,2012,315,,
Nióbio e tântalo – minerais,Conteúdo de Nb,Tântalo e nióbio – conteúdo de Nb,Russia,RUS,2013,358,,
Nióbio e tântalo – minerais,Conteúdo de Nb,Tântalo e nióbio – conteúdo de Nb,Russia,RUS,2014,406,,
Nióbio e tântalo – minerais,Conteúdo de Nb,Tântalo e nióbio – conteúdo de Nb,Russia,RUS,2015,439,,
Nióbio e tântalo – minerais,Conteúdo de Nb,Tântalo e nióbio – conteúdo de Nb,Russia,RUS,2016,439,,
Nióbio e tântalo – minerais,Conteúdo de Nb,Tântalo e nióbio – conteúdo de Nb,Russia,RUS,2017,453,,
Nióbio e tântalo – minerais,Conteúdo de Nb,Tântalo e nióbio – conteúdo de Nb,Russia,RUS,2018,468,,
Nióbio e tântalo – minerais,Conteúdo de Nb,Tântalo e nióbio – conteúdo de Nb,Russia,RUS,2019,461,,
Nióbio e tântalo – minerais,Conteúdo de Nb,Tântalo e nióbio – conteúdo de Nb,Russia,RUS,2020,431,,
Nióbio e tântalo – minerais,Conteúdo de Nb,Tântalo e nióbio – conteúdo de Nb,Russia,RUS,2021,454,,
Nióbio e tântalo – minerais,Conteúdo de Nb,Tântalo e nióbio – conteúdo de Nb,Russia,RUS,2022,373,,
Nióbio e tântalo – minerais,Conteúdo de Nb,Tântalo e nióbio – conteúdo de Nb,Russia,RUS,2023,362,,
Nióbio e tântalo – minerais,Conteúdo de Nb,Tântalo e nióbio – conteúdo de Nb,Russia,RUS,2024,297,,
Nióbio e tântalo – minerais,Conteúdo de Ta,Tântalo e nióbio – conteúdo de Ta,Ethiopia,ETH,2019,25,Estimates. | Years ended 7 July of that stated.,Informativo: estimado
Nióbio e tântalo – minerais,Conteúdo de Ta,Tântalo e nióbio – conteúdo de Ta,Ethiopia,ETH,2020,10,Estimates. | Years ended 7 July of that stated.,Informativo: estimado
Nióbio e tântalo – minerais,Conteúdo de Ta,Tântalo e nióbio – conteúdo de Ta,Ethiopia,ETH,2021,19,Estimates. | Years ended 7 July of that stated.,Informativo: estimado
Nióbio e tântalo – minerais,Conteúdo de Ta,Tântalo e nióbio – conteúdo de Ta,Ethiopia,ETH,2022,19,Estimates. | Years ended 7 July of that stated.,Informativo: estimado
Nióbio e tântalo – minerais,Conteúdo de Ta,Tântalo e nióbio – conteúdo de Ta,Ethiopia,ETH,2023,19,Estimates. | Years ended 7 July of that stated.,Informativo: estimado
Nióbio e tântalo – minerais,Conteúdo de Ta,Tântalo e nióbio – conteúdo de Ta,Ethiopia,ETH,2024,19,Estimates. | Years ended 7 July of that stated.,Informativo: estimado
Nióbio e tântalo – minerais,Conteúdo de Ta,Tântalo e nióbio – conteúdo de Ta,Namibia,NAM,2020,,,Informativo: valor ausente
Nióbio e tântalo – minerais,Conteúdo de Ta,Tântalo e nióbio – conteúdo de Ta,Namibia,NAM,2021,,,Informativo: valor ausente
Nióbio e tântalo – minerais,Conteúdo de Ta,Tântalo e nióbio – conteúdo de Ta,Namibia,NAM,2022,,,Informativo: valor ausente
Nióbio e tântalo – minerais,Conteúdo de Ta,Tântalo e nióbio – conteúdo de Ta,Namibia,NAM,2023,2,"Content of Nb, Ta: -, 25%.",
Nióbio e tântalo – minerais,Conteúdo de Ta,Tântalo e nióbio – conteúdo de Ta,Namibia,NAM,2024,13,"Content of Nb, Ta: -, 25%.",
Nióbio e tântalo – minerais,Conteúdo de Ta,Tântalo e nióbio – conteúdo de Ta,Russia,RUS,2012,26,,
Nióbio e tântalo – minerais,Conteúdo de Ta,Tântalo e nióbio – conteúdo de Ta,Russia,RUS,2013,26,,
Nióbio e tântalo – minerais,Conteúdo de Ta,Tântalo e nióbio – conteúdo de Ta,Russia,RUS,2014,33,,
Nióbio e tântalo – minerais,Conteúdo de Ta,Tântalo e nióbio – conteúdo de Ta,Russia,RUS,2015,26,,
Nióbio e tântalo – minerais,Conteúdo de Ta,Tântalo e nióbio – conteúdo de Ta,Russia,RUS,2016,40,,
Nióbio e tântalo – minerais,Conteúdo de Ta,Tântalo e nióbio – conteúdo de Ta,Russia,RUS,2017,37,,
Nióbio e tântalo – minerais,Conteúdo de Ta,Tântalo e nióbio – conteúdo de Ta,Russia,RUS,2018,36,,
Nióbio e tântalo – minerais,Conteúdo de Ta,Tântalo e nióbio – conteúdo de Ta,Russia,RUS,2019,26,,
Nióbio e tântalo – minerais,Conteúdo de Ta,Tântalo e nióbio – conteúdo de Ta,Russia,RUS,2020,49,,
Nióbio e tântalo – minerais,Conteúdo de Ta,Tântalo e nióbio – conteúdo de Ta,Russia,RUS,2021,34,,
Nióbio e tântalo – minerais,Conteúdo de Ta,Tântalo e nióbio – conteúdo de Ta,Russia,RUS,2022,17,,
Nióbio e tântalo – minerais,Conteúdo de Ta,Tântalo e nióbio – conteúdo de Ta,Russia,RUS,2023,29,,
Nióbio e tântalo – minerais,Conteúdo de Ta,Tântalo e nióbio – conteúdo de Ta,Russia,RUS,2024,29,,
Nióbio e tântalo – minerais,Conteúdo de Ta,Tântalo e nióbio – conteúdo de Ta,Spain,ESP,2015,0,,
Nióbio e tântalo – minerais,Conteúdo de Ta,Tântalo e nióbio – conteúdo de Ta,Spain,ESP,2016,0,,
Nióbio e tântalo – minerais,Conteúdo de Ta,Tântalo e nióbio – conteúdo de Ta,Spain,ESP,2017,0,,
Nióbio e tântalo – minerais,Conteúdo de Ta,Tântalo e nióbio – conteúdo de Ta,Spain,ESP,2018,0,,
Nióbio e tântalo – minerais,Conteúdo de Ta,Tântalo e nióbio – conteúdo de Ta,Spain,ESP,2019,12,,
Nióbio e tântalo – minerais,Conteúdo de Ta,Tântalo e nióbio – conteúdo de Ta,Spain,ESP,2020,11,,
Nióbio e tântalo – minerais,Conteúdo de Ta,Tântalo e nióbio – conteúdo de Ta,Spain,ESP,2021,12,,
Nióbio e tântalo – minerais,Conteúdo de Ta,Tântalo e nióbio – conteúdo de Ta,Spain,ESP,2022,16,,
Nióbio e tântalo – minerais,Conteúdo de Ta,Tântalo e nióbio – conteúdo de Ta,Spain,ESP,2023,24,,
Nióbio e tântalo – minerais,Conteúdo de Ta,Tântalo e nióbio – conteúdo de Ta,Spain,ESP,2024,0,,
Terras raras – minerais (concentrado),Concentrado (peso bruto),Bastnaesita,Burundi,BDI,1975,82,,
Terras raras – minerais (concentrado),Concentrado (peso bruto),Bastnaesita,Burundi,BDI,1976,139,,
Terras raras – minerais (concentrado),Concentrado (peso bruto),Bastnaesita,Burundi,BDI,1977,165,,
Terras raras – minerais (concentrado),Concentrado (peso bruto),Bastnaesita,Burundi,BDI,1978,40,,
Terras raras – minerais (concentrado),Concentrado (peso bruto),Bastnaesita,Madagascar,MDG,1979,22,,
Terras raras – minerais (concentrado),Concentrado (peso bruto),Bastnaesita,Madagascar,MDG,1980,23,Estimates.,Informativo: estimado
Terras raras – minerais (concentrado),Concentrado (peso bruto),Bastnaesita,Madagascar,MDG,1981,23,Estimates.,Informativo: estimado
Terras raras – minerais (concentrado),Concentrado (peso bruto),Bastnaesita,Madagascar,MDG,1982,23,Estimates.,Informativo: estimado
Terras raras – minerais (concentrado),Concentrado (peso bruto),Bastnaesita,Madagascar,MDG,1983,25,Estimates.,Informativo: estimado
Terras raras – minerais (concentrado),Concentrado (peso bruto),Bastnaesita,Madagascar,MDG,1984,25,Estimates.,Informativo: estimado
Terras raras – minerais (concentrado),Concentrado (peso bruto),Bastnaesita,Madagascar,MDG,1985,9,,
Terras raras – minerais (concentrado),Concentrado (peso bruto),Bastnaesita,Madagascar,MDG,1986,10,Estimates.,Informativo: estimado
Terras raras – minerais (concentrado),Concentrado (peso bruto),Bastnaesita,Madagascar,MDG,1987,10,Estimates.,Informativo: estimado
Terras raras – minerais (concentrado),Concentrado (peso bruto),Bastnaesita,Madagascar,MDG,1988,5,Estimates.,Informativo: estimado
Terras raras – minerais (concentrado),Concentrado (peso bruto),Bastnaesita,Madagascar,MDG,1989,5,Estimates.,Informativo: estimado
Terras raras – minerais (concentrado),Concentrado (peso bruto),Bastnaesita,Madagascar,MDG,1990,5,Estimates.,Informativo: estimado
Terras raras – minerais (concentrado),Concentrado (peso bruto),Bastnaesita,Madagascar,MDG,1991,5,,
Terras raras – minerais (concentrado),Concentrado (peso bruto),Bastnaesita,Madagascar,MDG,1992,5,Estimates.,Informativo: estimado
Terras raras – minerais (concentrado),Concentrado (peso bruto),Bastnaesita,Madagascar,MDG,1993,5,Estimates.,Informativo: estimado
Terras raras – minerais (concentrado),Concentrado (peso bruto),Bastnaesita,Madagascar,MDG,1994,5,Estimates.,Informativo: estimado
Terras raras – minerais (concentrado),Concentrado (peso bruto),Bastnaesita,Madagascar,MDG,1995,5,Estimates.,Informativo: estimado
Terras raras – minerais (concentrado),Concentrado (peso bruto),Bastnaesita,USA,USA,1975,14940,REO content. Assumed to be 60% of concentrates produced.,
Terras raras – minerais (concentrado),Concentrado (peso bruto),Bastnaesita,USA,USA,1976,13039,REO content. Assumed to be 60% of concentrates produced.,
Terras raras – minerais (concentrado),Concentrado (peso bruto),Bastnaesita,USA,USA,1977,15359,REO content. Assumed to be 60% of concentrates produced.,
Terras raras – minerais (concentrado),Concentrado (peso bruto),Bastnaesita,USA,USA,1978,14148,REO content. Assumed to be 60% of concentrates produced.,
Terras raras – minerais (concentrado),Concentrado (peso bruto),Bastnaesita,USA,USA,1979,16515,REO content. Assumed to be 60% of concentrates produced.,
Terras raras – minerais (concentrado),Concentrado (peso bruto),Bastnaesita,USA,USA,1980,15986,REO content. Assumed to be 60% of concentrates produced.,
Terras raras – minerais (concentrado),Concentrado (peso bruto),Bastnaesita,USA,USA,1981,17082,REO content. Assumed to be 60% of concentrates produced.,
Terras raras – minerais (concentrado),Concentrado (peso bruto),Bastnaesita,USA,USA,1982,17501,REO content. Assumed to be 60% of concentrates produced.,
Terras raras – minerais (concentrado),Concentrado (peso bruto),Bastnaesita,USA,USA,1983,17083,REO content. Assumed to be 60% of concentrates produced.,
Terras raras – minerais (concentrado),Concentrado (peso bruto),Bastnaesita,USA,USA,1984,25311,REO content. Assumed to be 60% of concentrates produced.,
Terras raras – minerais (concentrado),Concentrado (peso bruto),Bastnaesita,USA,USA,1985,13428,REO content. Assumed to be 60% of concentrates produced.,
Terras raras – minerais (concentrado),Concentrado (peso bruto),Bastnaesita,USA,USA,1986,11094,REO content. Assumed to be 60% of concentrates produced.,
Terras raras – minerais (concentrado),Concentrado (peso bruto),Bastnaesita,USA,USA,1987,16710,REO content. Assumed to be 60% of concentrates produced.,
Terras raras – minerais (concentrado),Concentrado (peso bruto),Bastnaesita,USA,USA,1988,11533,REO content. Assumed to be 60% of concentrates produced.,
Terras raras – minerais (concentrado),Concentrado (peso bruto),Bastnaesita,USA,USA,1989,20787,REO content. Assumed to be 60% of concentrates produced.,
Terras raras – minerais (concentrado),Concentrado (peso bruto),Bastnaesita,USA,USA,1990,22713,REO content. Assumed to be 60% of concentrates produced.,
Terras raras – minerais (concentrado),Concentrado (peso bruto),Bastnaesita,USA,USA,1991,16465,REO content. Assumed to be 60% of concentrates produced.,
Terras raras – minerais (concentrado),Concentrado (peso bruto),Bastnaesita,USA,USA,1992,20699,REO content. Assumed to be 60% of concentrates produced.,
Terras raras – minerais (concentrado),Concentrado (peso bruto),Bastnaesita,USA,USA,1993,17754,REO content. Assumed to be 60% of concentrates produced.,
Terras raras – minerais (concentrado),Concentrado (peso bruto),Bastnaesita,USA,USA,1994,20664,REO content. Assumed to be 60% of concentrates produced.,
Terras raras – minerais (concentrado),Concentrado (peso bruto),Bastnaesita,USA,USA,1995,22200,REO content. Assumed to be 60% of concentrates produced.,
Terras raras – minerais (concentrado),Concentrado (peso bruto),Bastnaesita,USA,USA,1996,20400,REO content. Assumed to be 60% of concentrates produced.,
Terras raras – minerais (concentrado),Concentrado (peso bruto),Bastnaesita,USA,USA,1997,10000,Estimates. | REO content. Assumed to be 60% of concentrates produced.,Informativo: estimado
Terras raras – minerais (concentrado),Concentrado (peso bruto),Bastnaesita,USA,USA,1998,5000,Estimates. | REO content. Assumed to be 60% of concentrates produced.,Informativo: estimado
Terras raras – minerais (concentrado),Concentrado (peso bruto),Bastnaesita,USA,USA,1999,5000,Estimates. | REO content. Assumed to be 60% of concentrates produced.,Informativo: estimado
Terras raras – minerais (concentrado),Concentrado (peso bruto),Bastnaesita,USA,USA,2000,5000,Estimates. | REO content. Assumed to be 60% of concentrates produced.,Informativo: estimado
Terras raras – minerais (concentrado),Concentrado (peso bruto),Bastnaesita,USA,USA,2001,5000,Estimates. | REO content. Assumed to be 60% of concentrates produced.,Informativo: estimado
Terras raras – minerais (concentrado),Concentrado (peso bruto),Bastnaesita,USA,USA,2002,5000,Estimates. | REO content. Assumed to be 60% of concentrates produced.,Informativo: estimado
Terras raras – minerais (concentrado),Concentrado (peso bruto),Bastnaesita,USA,USA,2003,0,REO content. Assumed to be 60% of concentrates produced.,
Terras raras – minerais (concentrado),Concentrado (peso bruto),Bastnaesita,USA,USA,2004,0,REO content. Assumed to be 60% of concentrates produced.,
Terras raras – minerais (concentrado),Concentrado (peso bruto),Bastnaesita,USA,USA,2005,0,REO content. Assumed to be 60% of concentrates produced.,
Terras raras – minerais (concentrado),Concentrado (peso bruto),Bastnaesita,USA,USA,2006,0,REO content. Assumed to be 60% of concentrates produced.,
Terras raras – minerais (concentrado),Concentrado (peso bruto),Bastnaesita,USA,USA,2008,0,,
Terras raras – minerais (concentrado),Concentrado (peso bruto),Bastnaesita,USA,USA,2009,0,,
Terras raras – minerais (concentrado),Concentrado (peso bruto),Bastnaesita,USA,USA,2010,0,,
Terras raras – minerais (concentrado),Concentrado (peso bruto),Bastnaesita,USA,USA,2011,0,,
Terras raras – minerais (concentrado),Concentrado (peso bruto),Loparita,Russia,RUS,2009,6628,,
Terras raras – minerais (concentrado),Concentrado (peso bruto),Loparita,Russia,RUS,2010,5120,,
Terras raras – minerais (concentrado),Concentrado (peso bruto),Loparita,Russia,RUS,2011,6226,,
Terras raras – minerais (concentrado),Concentrado (peso bruto),Minerais de terras raras (não especificado),Australia,AUS,2010,0,Estimates.,Informativo: estimado
Terras raras – minerais (concentrado),Concentrado (peso bruto),Minerais de terras raras (não especificado),China,CHN,1982,6000,Estimates. | REO content. Assumed to be 60% of concentrates produced.,Informativo: estimado
Terras raras – minerais (concentrado),Concentrado (peso bruto),Minerais de terras raras (não especificado),China,CHN,1983,6000,Estimates. | REO content. Assumed to be 60% of concentrates produced.,Informativo: estimado
Terras raras – minerais (concentrado),Concentrado (peso bruto),Minerais de terras raras (não especificado),China,CHN,1984,8000,Estimates. | REO content. Assumed to be 60% of concentrates produced.,Informativo: estimado
Terras raras – minerais (concentrado),Concentrado (peso bruto),Minerais de terras raras (não especificado),China,CHN,1985,10000,Estimates. | REO content. Assumed to be 60% of concentrates produced.,Informativo: estimado
Terras raras – minerais (concentrado),Concentrado (peso bruto),Minerais de terras raras (não especificado),China,CHN,1986,11860,REO content. Assumed to be 60% of concentrates produced.,
Terras raras – minerais (concentrado),Concentrado (peso bruto),Minerais de terras raras (não especificado),China,CHN,1987,15100,REO content. Assumed to be 60% of concentrates produced.,
Terras raras – minerais (concentrado),Concentrado (peso bruto),Minerais de terras raras (não especificado),China,CHN,1988,29640,REO content. Assumed to be 60% of concentrates produced.,
Terras raras – minerais (concentrado),Concentrado (peso bruto),Minerais de terras raras (não especificado),China,CHN,1989,25220,REO content. Assumed to be 60% of concentrates produced.,
Terras raras – minerais (concentrado),Concentrado (peso bruto),Minerais de terras raras (não especificado),China,CHN,1990,16480,REO content. Assumed to be 60% of concentrates produced.,
Terras raras – minerais (concentrado),Concentrado (peso bruto),Minerais de terras raras (não especificado),China,CHN,1991,16150,REO content. Assumed to be 60% of concentrates produced.,
Terras raras – minerais (concentrado),Concentrado (peso bruto),Minerais de terras raras (não especificado),China,CHN,1992,21300,REO content. Assumed to be 60% of concentrates produced.,
Terras raras – minerais (concentrado),Concentrado (peso bruto),Minerais de terras raras (não especificado),China,CHN,1993,22100,REO content. Assumed to be 60% of concentrates produced.,
Terras raras – minerais (concentrado),Concentrado (peso bruto),Minerais de terras raras (não especificado),China,CHN,1994,30700,REO content. Assumed to be 60% of concentrates produced.,
Terras raras – minerais (concentrado),Concentrado (peso bruto),Minerais de terras raras (não especificado),China,CHN,1995,50933,Break in series. | REO content. Assumed to be 60% of concentrates produced.,Informativo: quebra de série
Terras raras – minerais (concentrado),Concentrado (peso bruto),Minerais de terras raras (não especificado),China,CHN,1996,60373,REO content. Assumed to be 60% of concentrates produced.,
Terras raras – minerais (concentrado),Concentrado (peso bruto),Minerais de terras raras (não especificado),China,CHN,1997,63250,REO content. Assumed to be 60% of concentrates produced.,
Terras raras – minerais (concentrado),Concentrado (peso bruto),Minerais de terras raras (não especificado),China,CHN,1998,75000,REO content. Assumed to be 60% of concentrates produced.,
Terras raras – minerais (concentrado),Concentrado (peso bruto),Minerais de terras raras (não especificado),China,CHN,1999,80500,Break in series. | REO content. Assumed to be 60% of concentrates produced.,Informativo: quebra de série
Terras raras – minerais (concentrado),Concentrado (peso bruto),Minerais de terras raras (não especificado),China,CHN,2000,73000,REO content. Assumed to be 60% of concentrates produced.,
Terras raras – minerais (concentrado),Concentrado (peso bruto),Minerais de terras raras (não especificado),China,CHN,2001,80600,REO content. Assumed to be 60% of concentrates produced.,
Terras raras – minerais (concentrado),Concentrado (peso bruto),Minerais de terras raras (não especificado),China,CHN,2002,88000,REO content. Assumed to be 60% of concentrates produced.,
Terras raras – minerais (concentrado),Concentrado (peso bruto),Minerais de terras raras (não especificado),China,CHN,2003,92000,REO content. Assumed to be 60% of concentrates produced.,
Terras raras – minerais (concentrado),Concentrado (peso bruto),Minerais de terras raras (não especificado),China,CHN,2004,98300,REO content. Assumed to be 60% of concentrates produced.,
Terras raras – minerais (concentrado),Concentrado (peso bruto),Minerais de terras raras (não especificado),China,CHN,2005,119000,REO content. Assumed to be 60% of concentrates produced.,
Terras raras – minerais (concentrado),Concentrado (peso bruto),Minerais de terras raras (não especificado),China,CHN,2006,133000,REO content. Assumed to be 60% of concentrates produced.,
Terras raras – minerais (concentrado),Concentrado (peso bruto),Minerais de terras raras (não especificado),China,CHN,2007,120000,Estimates. | REO content. Assumed to be 60% of concentrates produced.,Informativo: estimado
Terras raras – minerais (concentrado),Concentrado (peso bruto),Minerais de terras raras (não especificado),China,CHN,2008,125000,Estimates. | REO content. Assumed to be 60% of concentrates produced.,Informativo: estimado
Terras raras – minerais (concentrado),Concentrado (peso bruto),Minerais de terras raras (não especificado),China,CHN,2009,129000,Estimates. | REO content. Assumed to be 60% of concentrates produced.,Informativo: estimado
Terras raras – minerais (concentrado),Concentrado (peso bruto),Minerais de terras raras (não especificado),China,CHN,2010,120000,Estimates. | REO content. Assumed to be 60% of concentrates produced.,Informativo: estimado
Terras raras – minerais (concentrado),Concentrado (peso bruto),Minerais de terras raras (não especificado),China,CHN,2011,105000,Estimates. | REO content. Assumed to be 60% of concentrates produced.,Informativo: estimado
Terras raras – minerais (concentrado),Concentrado (peso bruto),Monazita,Australia,AUS,1975,4507,,
Terras raras – minerais (concentrado),Concentrado (peso bruto),Monazita,Australia,AUS,1976,5310,,
Terras raras – minerais (concentrado),Concentrado (peso bruto),Monazita,Australia,AUS,1977,9379,,
Terras raras – minerais (concentrado),Concentrado (peso bruto),Monazita,Australia,AUS,1978,14992,,
Terras raras – minerais (concentrado),Concentrado (peso bruto),Monazita,Australia,AUS,1979,16340,,
Terras raras – minerais (concentrado),Concentrado (peso bruto),Monazita,Australia,AUS,1980,14079,,
Terras raras – minerais (concentrado),Concentrado (peso bruto),Monazita,Australia,AUS,1981,13282,,
Terras raras – minerais (concentrado),Concentrado (peso bruto),Monazita,Australia,AUS,1982,9562,,
Terras raras – minerais (concentrado),Concentrado (peso bruto),Monazita,Australia,AUS,1983,15141,,
Terras raras – minerais (concentrado),Concentrado (peso bruto),Monazita,Australia,AUS,1984,16260,,
Terras raras – minerais (concentrado),Concentrado (peso bruto),Monazita,Australia,AUS,1985,18735,,
Terras raras – minerais (concentrado),Concentrado (peso bruto),Monazita,Australia,AUS,1986,14822,,
Terras raras – minerais (concentrado),Concentrado (peso bruto),Monazita,Australia,AUS,1987,12813,,
Terras raras – minerais (concentrado),Concentrado (peso bruto),Monazita,Australia,AUS,1988,10897,,
Terras raras – minerais (concentrado),Concentrado (peso bruto),Monazita,Australia,AUS,1989,13000,,
Terras raras – minerais (concentrado),Concentrado (peso bruto),Monazita,Australia,AUS,1990,11000,,
Terras raras – minerais (concentrado),Concentrado (peso bruto),Monazita,Australia,AUS,1991,6600,,
Terras raras – minerais (concentrado),Concentrado (peso bruto),Monazita,Australia,AUS,1992,5600,,
Terras raras – minerais (concentrado),Concentrado (peso bruto),Monazita,Australia,AUS,1993,6500,,
Terras raras – minerais (concentrado),Concentrado (peso bruto),Monazita,Australia,AUS,1994,2300,,
Terras raras – minerais (concentrado),Concentrado (peso bruto),Monazita,Australia,AUS,1995,200,,
Terras raras – minerais (concentrado),Concentrado (peso bruto),Monazita,Brazil,BRA,1976,1610,,
Terras raras – minerais (concentrado),Concentrado (peso bruto),Monazita,Brazil,BRA,1977,2441,,
Terras raras – minerais (concentrado),Concentrado (peso bruto),Monazita,Brazil,BRA,1978,2541,,
Terras raras – minerais (concentrado),Concentrado (peso bruto),Monazita,Brazil,BRA,1979,2318,,
Terras raras – minerais (concentrado),Concentrado (peso bruto),Monazita,Brazil,BRA,1980,2532,,
Terras raras – minerais (concentrado),Concentrado (peso bruto),Monazita,Brazil,BRA,1981,2460,,
Terras raras – minerais (concentrado),Concentrado (peso bruto),Monazita,Brazil,BRA,1982,1814,,
Terras raras – minerais (concentrado),Concentrado (peso bruto),Monazita,Brazil,BRA,1983,5256,,
Terras raras – minerais (concentrado),Concentrado (peso bruto),Monazita,Brazil,BRA,1984,3622,,
Terras raras – minerais (concentrado),Concentrado (peso bruto),Monazita,Brazil,BRA,1985,3953,,
Terras raras – minerais (concentrado),Concentrado (peso bruto),Monazita,Brazil,BRA,1986,3618,,
Terras raras – minerais (concentrado),Concentrado (peso bruto),Monazita,Brazil,BRA,1987,4332,,
Terras raras – minerais (concentrado),Concentrado (peso bruto),Monazita,Brazil,BRA,1988,2817,,
Terras raras – minerais (concentrado),Concentrado (peso bruto),Monazita,Brazil,BRA,1989,1910,,
Terras raras – minerais (concentrado),Concentrado (peso bruto),Monazita,Brazil,BRA,1990,2579,,
Terras raras – minerais (concentrado),Concentrado (peso bruto),Monazita,Brazil,BRA,1991,2500,Estimates.,Informativo: estimado
Terras raras – minerais (concentrado),Concentrado (peso bruto),Monazita,Brazil,BRA,1992,2500,Estimates.,Informativo: estimado
Terras raras – minerais (concentrado),Concentrado (peso bruto),Monazita,Brazil,BRA,2000,0,,
Terras raras – minerais (concentrado),Concentrado (peso bruto),Monazita,Brazil,BRA,2001,0,,
Terras raras – minerais (concentrado),Concentrado (peso bruto),Monazita,Brazil,BRA,2002,0,,
Terras raras – minerais (concentrado),Concentrado (peso bruto),Monazita,Brazil,BRA,2003,0,,
Terras raras – minerais (concentrado),Concentrado (peso bruto),Monazita,Brazil,BRA,2004,731,,
Terras raras – minerais (concentrado),Concentrado (peso bruto),Monazita,Brazil,BRA,2005,958,,
Terras raras – minerais (concentrado),Concentrado (peso bruto),Monazita,Brazil,BRA,2006,958,,
Terras raras – minerais (concentrado),Concentrado (peso bruto),Monazita,Brazil,BRA,2007,1173,,
Terras raras – minerais (concentrado),Concentrado (peso bruto),Monazita,Brazil,BRA,2008,834,,
Terras raras – minerais (concentrado),Concentrado (peso bruto),Monazita,Brazil,BRA,2009,303,,
Terras raras – minerais (concentrado),Concentrado (peso bruto),Monazita,Brazil,BRA,2010,249,,
Terras raras – minerais (concentrado),Concentrado (peso bruto),Monazita,Brazil,BRA,2011,290,,
Terras raras – minerais (concentrado),Concentrado (peso bruto),Monazita,"Congo, Democratic Republic",COD,1992,50,Estimates.,Informativo: estimado
Terras raras – minerais (concentrado),Concentrado (peso bruto),Monazita,"Congo, Democratic Republic",COD,1993,20,Estimates.,Informativo: estimado
Terras raras – minerais (concentrado),Concentrado (peso bruto),Monazita,"Congo, Democratic Republic",COD,1994,20,Estimates.,Informativo: estimado
Terras raras – minerais (concentrado),Concentrado (peso bruto),Monazita,"Congo, Democratic Republic",COD,1995,20,Estimates.,Informativo: estimado
Terras raras – minerais (concentrado),Concentrado (peso bruto),Monazita,"Congo, Democratic Republic",COD,1996,10,Estimates.,Informativo: estimado
Terras raras – minerais (concentrado),Concentrado (peso bruto),Monazita,India,IND,1975,3000,Estimates.,Informativo: estimado
Terras raras – minerais (concentrado),Concentrado (peso bruto),Monazita,India,IND,1976,2994,Years ended 31 March following that stated.,
Terras raras – minerais (concentrado),Concentrado (peso bruto),Monazita,India,IND,1977,2734,Years ended 31 March following that stated.,
Terras raras – minerais (concentrado),Concentrado (peso bruto),Monazita,India,IND,1978,3303,Years ended 31 March following that stated.,
Terras raras – minerais (concentrado),Concentrado (peso bruto),Monazita,India,IND,1979,3254,Years ended 31 March following that stated.,
Terras raras – minerais (concentrado),Concentrado (peso bruto),Monazita,India,IND,1980,3395,Years ended 31 March following that stated.,
Terras raras – minerais (concentrado),Concentrado (peso bruto),Monazita,India,IND,1981,3704,Years ended 31 March following that stated.,
Terras raras – minerais (concentrado),Concentrado (peso bruto),Monazita,India,IND,1982,4000,Estimates. | Years ended 31 March following that stated.,Informativo: estimado
Terras raras – minerais (concentrado),Concentrado (peso bruto),Monazita,India,IND,1983,4000,Estimates. | Years ended 31 March following that stated.,Informativo: estimado
Terras raras – minerais (concentrado),Concentrado (peso bruto),Monazita,India,IND,1984,4000,Estimates. | Years ended 31 March following that stated.,Informativo: estimado
Terras raras – minerais (concentrado),Concentrado (peso bruto),Monazita,India,IND,1985,4000,Estimates. | Years ended 31 March following that stated.,Informativo: estimado
Terras raras – minerais (concentrado),Concentrado (peso bruto),Monazita,India,IND,1986,4000,Estimates. | Years ended 31 March following that stated.,Informativo: estimado
Terras raras – minerais (concentrado),Concentrado (peso bruto),Monazita,India,IND,1987,4000,Estimates. | Years ended 31 March following that stated.,Informativo: estimado
Terras raras – minerais (concentrado),Concentrado (peso bruto),Monazita,India,IND,1988,4000,Estimates. | Years ended 31 March following that stated.,Informativo: estimado
Terras raras – minerais (concentrado),Concentrado (peso bruto),Monazita,India,IND,1989,4300,Estimates. | Years ended 31 March following that stated.,Informativo: estimado
Terras raras – minerais (concentrado),Concentrado (peso bruto),Monazita,India,IND,1990,4500,Estimates. | Years ended 31 March following that stated.,Informativo: estimado
Terras raras – minerais (concentrado),Concentrado (peso bruto),Monazita,India,IND,1991,4000,Estimates. | Years ended 31 March following that stated.,Informativo: estimado
Terras raras – minerais (concentrado),Concentrado (peso bruto),Monazita,India,IND,1992,4600,Estimates. | Years ended 31 March following that stated.,Informativo: estimado
Terras raras – minerais (concentrado),Concentrado (peso bruto),Monazita,India,IND,1993,5500,Estimates. | Years ended 31 March following that stated.,Informativo: estimado
Terras raras – minerais (concentrado),Concentrado (peso bruto),Monazita,India,IND,1994,5000,Estimates. | Years ended 31 March following that stated.,Informativo: estimado
Terras raras – minerais (concentrado),Concentrado (peso bruto),Monazita,India,IND,1995,5000,Estimates. | Years ended 31 March following that stated.,Informativo: estimado
Terras raras – minerais (concentrado),Concentrado (peso bruto),Monazita,India,IND,1996,5000,Estimates.,Informativo: estimado
Terras raras – minerais (concentrado),Concentrado (peso bruto),Monazita,India,IND,1997,5000,Estimates.,Informativo: estimado
Terras raras – minerais (concentrado),Concentrado (peso bruto),Monazita,India,IND,1998,3200,Break in series. | Years ended 31 March following that stated.,Informativo: quebra de série
Terras raras – minerais (concentrado),Concentrado (peso bruto),Monazita,India,IND,1999,1698,Years ended 31 March following that stated.,
Terras raras – minerais (concentrado),Concentrado (peso bruto),Monazita,India,IND,2000,1890,Years ended 31 March following that stated.,
Terras raras – minerais (concentrado),Concentrado (peso bruto),Monazita,India,IND,2001,2651,Years ended 31 March following that stated.,
Terras raras – minerais (concentrado),Concentrado (peso bruto),Monazita,India,IND,2002,2856,Years ended 31 March following that stated.,
Terras raras – minerais (concentrado),Concentrado (peso bruto),Monazita,India,IND,2003,2891,Years ended 31 March following that stated.,
Terras raras – minerais (concentrado),Concentrado (peso bruto),Monazita,India,IND,2004,149,Years ended 31 March following that stated.,
Terras raras – minerais (concentrado),Concentrado (peso bruto),Monazita,India,IND,2005,93,Years ended 31 March following that stated.,
Terras raras – minerais (concentrado),Concentrado (peso bruto),Monazita,India,IND,2006,45,Years ended 31 March following that stated.,
Terras raras – minerais (concentrado),Concentrado (peso bruto),Monazita,India,IND,2007,35,Years ended 31 March following that stated.,
Terras raras – minerais (concentrado),Concentrado (peso bruto),Monazita,India,IND,2008,22,Years ended 31 March following that stated.,
Terras raras – minerais (concentrado),Concentrado (peso bruto),Monazita,India,IND,2009,16,Years ended 31 March following that stated.,
Terras raras – minerais (concentrado),Concentrado (peso bruto),Monazita,Madagascar,MDG,1992,100,Estimates.,Informativo: estimado
Terras raras – minerais (concentrado),Concentrado (peso bruto),Monazita,Madagascar,MDG,1993,100,Estimates.,Informativo: estimado
Terras raras – minerais (concentrado),Concentrado (peso bruto),Monazita,Madagascar,MDG,1994,100,Estimates.,Informativo: estimado
Terras raras – minerais (concentrado),Concentrado (peso bruto),Monazita,Madagascar,MDG,1995,100,Estimates.,Informativo: estimado
Terras raras – minerais (concentrado),Concentrado (peso bruto),Monazita,Madagascar,MDG,1998,,,Informativo: valor ausente
Terras raras – minerais (concentrado),Concentrado (peso bruto),Monazita,Malaysia,MYS,1975,3285,Exports.,
Terras raras – minerais (concentrado),Concentrado (peso bruto),Monazita,Malaysia,MYS,1976,1879,Exports.,
Terras raras – minerais (concentrado),Concentrado (peso bruto),Monazita,Malaysia,MYS,1977,1976,Exports.,
Terras raras – minerais (concentrado),Concentrado (peso bruto),Monazita,Malaysia,MYS,1978,1607,Exports.,
Terras raras – minerais (concentrado),Concentrado (peso bruto),Monazita,Malaysia,MYS,1979,466,Exports.,
Terras raras – minerais (concentrado),Concentrado (peso bruto),Monazita,Malaysia,MYS,1980,327,Exports.,
Terras raras – minerais (concentrado),Concentrado (peso bruto),Monazita,Malaysia,MYS,1981,320,Exports.,
Terras raras – minerais (concentrado),Concentrado (peso bruto),Monazita,Malaysia,MYS,1982,582,Exports.,
Terras raras – minerais (concentrado),Concentrado (peso bruto),Monazita,Malaysia,MYS,1983,1034,Exports.,
Terras raras – minerais (concentrado),Concentrado (peso bruto),Monazita,Malaysia,MYS,1984,1095,Exports.,
Terras raras – minerais (concentrado),Concentrado (peso bruto),Monazita,Malaysia,MYS,1985,5808,,
Terras raras – minerais (concentrado),Concentrado (peso bruto),Monazita,Malaysia,MYS,1986,5959,,
Terras raras – minerais (concentrado),Concentrado (peso bruto),Monazita,Malaysia,MYS,1987,2908,,
Terras raras – minerais (concentrado),Concentrado (peso bruto),Monazita,Malaysia,MYS,1988,2920,,
Terras raras – minerais (concentrado),Concentrado (peso bruto),Monazita,Malaysia,MYS,1989,2948,,
Terras raras – minerais (concentrado),Concentrado (peso bruto),Monazita,Malaysia,MYS,1990,3323,,
Terras raras – minerais (concentrado),Concentrado (peso bruto),Monazita,Malaysia,MYS,1991,1981,,
Terras raras – minerais (concentrado),Concentrado (peso bruto),Monazita,Malaysia,MYS,1992,777,,
Terras raras – minerais (concentrado),Concentrado (peso bruto),Monazita,Malaysia,MYS,1993,407,,
Terras raras – minerais (concentrado),Concentrado (peso bruto),Monazita,Malaysia,MYS,1994,425,,
Terras raras – minerais (concentrado),Concentrado (peso bruto),Monazita,Malaysia,MYS,1995,814,,
Terras raras – minerais (concentrado),Concentrado (peso bruto),Monazita,Malaysia,MYS,1996,618,,
Terras raras – minerais (concentrado),Concentrado (peso bruto),Monazita,Malaysia,MYS,1997,688,,
Terras raras – minerais (concentrado),Concentrado (peso bruto),Monazita,Malaysia,MYS,1998,517,,
Terras raras – minerais (concentrado),Concentrado (peso bruto),Monazita,Malaysia,MYS,1999,1147,,
Terras raras – minerais (concentrado),Concentrado (peso bruto),Monazita,Malaysia,MYS,2000,818,,
Terras raras – minerais (concentrado),Concentrado (peso bruto),Monazita,Malaysia,MYS,2001,643,,
Terras raras – minerais (concentrado),Concentrado (peso bruto),Monazita,Malaysia,MYS,2002,441,,
Terras raras – minerais (concentrado),Concentrado (peso bruto),Monazita,Malaysia,MYS,2003,795,,
Terras raras – minerais (concentrado),Concentrado (peso bruto),Monazita,Malaysia,MYS,2004,1683,,
Terras raras – minerais (concentrado),Concentrado (peso bruto),Monazita,Malaysia,MYS,2005,320,,
Terras raras – minerais (concentrado),Concentrado (peso bruto),Monazita,Malaysia,MYS,2006,894,,
Terras raras – minerais (concentrado),Concentrado (peso bruto),Monazita,Malaysia,MYS,2007,682,,
Terras raras – minerais (concentrado),Concentrado (peso bruto),Monazita,Malaysia,MYS,2008,233,,
Terras raras – minerais (concentrado),Concentrado (peso bruto),Monazita,Malaysia,MYS,2009,25,,
Terras raras – minerais (concentrado),Concentrado (peso bruto),Monazita,Malaysia,MYS,2010,622,,
Terras raras – minerais (concentrado),Concentrado (peso bruto),Monazita,Malaysia,MYS,2011,571,,
Terras raras – minerais (concentrado),Concentrado (peso bruto),Monazita,Malaysia,MYS,2012,113,,
Terras raras – minerais (concentrado),Concentrado (peso bruto),Monazita,Malaysia,MYS,2020,18,,
Terras raras – minerais (concentrado),Concentrado (peso bruto),Monazita,Malaysia,MYS,2021,23,,
Terras raras – minerais (concentrado),Concentrado (peso bruto),Monazita,Malaysia,MYS,2022,77,,
Terras raras – minerais (concentrado),Concentrado (peso bruto),Monazita,Malaysia,MYS,2023,196,,
Terras raras – minerais (concentrado),Concentrado (peso bruto),Monazita,Malaysia,MYS,2024,348,,
Terras raras – minerais (concentrado),Concentrado (peso bruto),Monazita,Nigeria,NGA,1975,20,Estimates.,Informativo: estimado
Terras raras – minerais (concentrado),Concentrado (peso bruto),Monazita,Nigeria,NGA,1976,20,Estimates.,Informativo: estimado
Terras raras – minerais (concentrado),Concentrado (peso bruto),Monazita,Nigeria,NGA,1977,20,Estimates.,Informativo: estimado
Terras raras – minerais (concentrado),Concentrado (peso bruto),Monazita,Nigeria,NGA,1978,20,Estimates.,Informativo: estimado
Terras raras – minerais (concentrado),Concentrado (peso bruto),Monazita,Nigeria,NGA,1979,20,Estimates.,Informativo: estimado
Terras raras – minerais (concentrado),Concentrado (peso bruto),Monazita,Nigeria,NGA,1980,20,Estimates.,Informativo: estimado
Terras raras – minerais (concentrado),Concentrado (peso bruto),Monazita,South Africa,ZAF,1987,1200,,
Terras raras – minerais (concentrado),Concentrado (peso bruto),Monazita,South Africa,ZAF,1988,1200,Estimates.,Informativo: estimado
Terras raras – minerais (concentrado),Concentrado (peso bruto),Monazita,South Africa,ZAF,1989,1200,Estimates.,Informativo: estimado
Terras raras – minerais (concentrado),Concentrado (peso bruto),Monazita,South Africa,ZAF,1990,724,Estimates.,Informativo: estimado
Terras raras – minerais (concentrado),Concentrado (peso bruto),Monazita,South Africa,ZAF,1991,400,Estimates.,Informativo: estimado
Terras raras – minerais (concentrado),Concentrado (peso bruto),Monazita,South Africa,ZAF,1992,430,Estimates.,Informativo: estimado
Terras raras – minerais (concentrado),Concentrado (peso bruto),Monazita,South Africa,ZAF,1993,430,Estimates.,Informativo: estimado
Terras raras – minerais (concentrado),Concentrado (peso bruto),Monazita,South Africa,ZAF,1994,131,,
Terras raras – minerais (concentrado),Concentrado (peso bruto),Monazita,Soviet Union,SUN,1987,,REO content. Assumed to be 60% of concentrates produced.,Informativo: valor ausente
Terras raras – minerais (concentrado),Concentrado (peso bruto),Monazita,Soviet Union,SUN,1988,,REO content. Assumed to be 60% of concentrates produced.,Informativo: valor ausente
Terras raras – minerais (concentrado),Concentrado (peso bruto),Monazita,Soviet Union,SUN,1989,1500,Estimates. | REO content. Assumed to be 60% of concentrates produced.,Informativo: estimado
Terras raras – minerais (concentrado),Concentrado (peso bruto),Monazita,Soviet Union,SUN,1990,8500,Estimates. | REO content. Assumed to be 60% of concentrates produced.,Informativo: estimado
Terras raras – minerais (concentrado),Concentrado (peso bruto),Monazita,Soviet Union,SUN,1991,8500,Estimates. | REO content. Assumed to be 60% of concentrates produced.,Informativo: estimado
Terras raras – minerais (concentrado),Concentrado (peso bruto),Monazita,Soviet Union,SUN,1992,8000,Estimates. | REO content. Assumed to be 60% of concentrates produced. | Dissolved in December 1991. No information is available on which to estimate for individual countries.,Informativo: estimado
Terras raras – minerais (concentrado),Concentrado (peso bruto),Monazita,Sri Lanka,LKA,1975,6,,
Terras raras – minerais (concentrado),Concentrado (peso bruto),Monazita,Sri Lanka,LKA,1976,1,,
Terras raras – minerais (concentrado),Concentrado (peso bruto),Monazita,Sri Lanka,LKA,1977,0,,
Terras raras – minerais (concentrado),Concentrado (peso bruto),Monazita,Sri Lanka,LKA,1978,18,,
Terras raras – minerais (concentrado),Concentrado (peso bruto),Monazita,Sri Lanka,LKA,1979,4,,
Terras raras – minerais (concentrado),Concentrado (peso bruto),Monazita,Sri Lanka,LKA,1980,63,,
Terras raras – minerais (concentrado),Concentrado (peso bruto),Monazita,Sri Lanka,LKA,1981,60,Estimates.,Informativo: estimado
Terras raras – minerais (concentrado),Concentrado (peso bruto),Monazita,Sri Lanka,LKA,1982,368,,
Terras raras – minerais (concentrado),Concentrado (peso bruto),Monazita,Sri Lanka,LKA,1983,292,,
Terras raras – minerais (concentrado),Concentrado (peso bruto),Monazita,Sri Lanka,LKA,1984,147,,
Terras raras – minerais (concentrado),Concentrado (peso bruto),Monazita,Sri Lanka,LKA,1985,200,Estimates.,Informativo: estimado
Terras raras – minerais (concentrado),Concentrado (peso bruto),Monazita,Sri Lanka,LKA,1986,17,,
Terras raras – minerais (concentrado),Concentrado (peso bruto),Monazita,Sri Lanka,LKA,1987,100,,
Terras raras – minerais (concentrado),Concentrado (peso bruto),Monazita,Sri Lanka,LKA,1988,200,Estimates.,Informativo: estimado
Terras raras – minerais (concentrado),Concentrado (peso bruto),Monazita,Sri Lanka,LKA,1989,200,Estimates.,Informativo: estimado
Terras raras – minerais (concentrado),Concentrado (peso bruto),Monazita,Sri Lanka,LKA,1990,200,Estimates.,Informativo: estimado
Terras raras – minerais (concentrado),Concentrado (peso bruto),Monazita,Sri Lanka,LKA,1991,200,Estimates.,Informativo: estimado
Terras raras – minerais (concentrado),Concentrado (peso bruto),Monazita,Sri Lanka,LKA,1992,200,Estimates.,Informativo: estimado
Terras raras – minerais (concentrado),Concentrado (peso bruto),Monazita,Sri Lanka,LKA,1993,200,Estimates.,Informativo: estimado
Terras raras – minerais (concentrado),Concentrado (peso bruto),Monazita,Thailand,THA,1975,367,,
Terras raras – minerais (concentrado),Concentrado (peso bruto),Monazita,Thailand,THA,1976,0,,
Terras raras – minerais (concentrado),Concentrado (peso bruto),Monazita,Thailand,THA,1977,0,,
Terras raras – minerais (concentrado),Concentrado (peso bruto),Monazita,Thailand,THA,1978,0,,
Terras raras – minerais (concentrado),Concentrado (peso bruto),Monazita,Thailand,THA,1979,32,,
Terras raras – minerais (concentrado),Concentrado (peso bruto),Monazita,Thailand,THA,1980,152,,
Terras raras – minerais (concentrado),Concentrado (peso bruto),Monazita,Thailand,THA,1981,107,,
Terras raras – minerais (concentrado),Concentrado (peso bruto),Monazita,Thailand,THA,1982,162,,
Terras raras – minerais (concentrado),Concentrado (peso bruto),Monazita,Thailand,THA,1983,257,,
Terras raras – minerais (concentrado),Concentrado (peso bruto),Monazita,Thailand,THA,1984,298,,
Terras raras – minerais (concentrado),Concentrado (peso bruto),Monazita,Thailand,THA,1985,663,,
Terras raras – minerais (concentrado),Concentrado (peso bruto),Monazita,Thailand,THA,1986,1609,,
Terras raras – minerais (concentrado),Concentrado (peso bruto),Monazita,Thailand,THA,1987,458,,
Terras raras – minerais (concentrado),Concentrado (peso bruto),Monazita,Thailand,THA,1988,590,,
Terras raras – minerais (concentrado),Concentrado (peso bruto),Monazita,Thailand,THA,1989,631,,
Terras raras – minerais (concentrado),Concentrado (peso bruto),Monazita,Thailand,THA,1990,377,,
Terras raras – minerais (concentrado),Concentrado (peso bruto),Monazita,Thailand,THA,1991,134,,
Terras raras – minerais (concentrado),Concentrado (peso bruto),Monazita,Thailand,THA,1992,89,,
Terras raras – minerais (concentrado),Concentrado (peso bruto),Monazita,Thailand,THA,1993,220,,
Terras raras – minerais (concentrado),Concentrado (peso bruto),Monazita,USA,USA,1975,750,Estimates. | REO content. Assumed to be 60% of concentrates produced.,Informativo: estimado
Terras raras – minerais (concentrado),Concentrado (peso bruto),Monazita,USA,USA,1976,600,REO content. Assumed to be 60% of concentrates produced.,
Terras raras – minerais (concentrado),Concentrado (peso bruto),Monazita,USA,USA,1977,600,REO content. Assumed to be 60% of concentrates produced.,
Terras raras – minerais (concentrado),Concentrado (peso bruto),Monazita,USA,USA,1978,1250,REO content. Assumed to be 60% of concentrates produced.,
Terras raras – minerais (concentrado),Concentrado (peso bruto),Monazita,USA,USA,1979,1200,REO content. Assumed to be 60% of concentrates produced.,
Terras raras – minerais (concentrado),Concentrado (peso bruto),Monazita,USA,USA,1980,700,Estimates. | REO content. Assumed to be 60% of concentrates produced.,Informativo: estimado
Terras raras – minerais (concentrado),Concentrado (peso bruto),Monazita,USA,USA,1981,850,Estimates. | REO content. Assumed to be 60% of concentrates produced.,Informativo: estimado
Terras raras – minerais (concentrado),Concentrado (peso bruto),Monazita,USA,USA,1982,400,Estimates. | REO content. Assumed to be 60% of concentrates produced. | Nominal capacity.,Informativo: estimado
Terras raras – minerais (concentrado),Concentrado (peso bruto),Monazita,USA,USA,1983,400,Estimates. | REO content. Assumed to be 60% of concentrates produced. | Nominal capacity.,Informativo: estimado
Terras raras – minerais (concentrado),Concentrado (peso bruto),Monazita,USA,USA,1984,450,Estimates. | REO content. Assumed to be 60% of concentrates produced. | Nominal capacity.,Informativo: estimado
Terras raras – minerais (concentrado),Concentrado (peso bruto),Monazita,USA,USA,1985,450,Estimates. | REO content. Assumed to be 60% of concentrates produced. | Nominal capacity.,Informativo: estimado
Terras raras – minerais (concentrado),Concentrado (peso bruto),Monazita,USA,USA,1986,450,Estimates. | REO content. Assumed to be 60% of concentrates produced. | Nominal capacity.,Informativo: estimado
Terras raras – minerais (concentrado),Concentrado (peso bruto),Monazita,USA,USA,1987,450,Estimates. | REO content. Assumed to be 60% of concentrates produced. | Nominal capacity.,Informativo: estimado
Terras raras – minerais (concentrado),Concentrado (peso bruto),Monazita,USA,USA,1988,450,Estimates. | REO content. Assumed to be 60% of concentrates produced.,Informativo: estimado
Terras raras – minerais (concentrado),Concentrado (peso bruto),Monazita,USA,USA,1989,450,Estimates. | REO content. Assumed to be 60% of concentrates produced.,Informativo: estimado
Terras raras – minerais (concentrado),Concentrado (peso bruto),Monazita,USA,USA,1990,2100,Estimates. | REO content. Assumed to be 60% of concentrates produced.,Informativo: estimado
Terras raras – minerais (concentrado),Concentrado (peso bruto),Monazita,USA,USA,1991,1500,Estimates. | REO content. Assumed to be 60% of concentrates produced.,Informativo: estimado
Terras raras – minerais (concentrado),Concentrado (peso bruto),Monazita,USA,USA,1992,800,Estimates. | REO content. Assumed to be 60% of concentrates produced.,Informativo: estimado
Terras raras – minerais (concentrado),Concentrado (peso bruto),Monazita,Zaire,ZAR,1975,298,,
Terras raras – minerais (concentrado),Concentrado (peso bruto),Monazita,Zaire,ZAR,1976,125,,
Terras raras – minerais (concentrado),Concentrado (peso bruto),Monazita,Zaire,ZAR,1977,96,,
Terras raras – minerais (concentrado),Concentrado (peso bruto),Monazita,Zaire,ZAR,1978,77,,
Terras raras – minerais (concentrado),Concentrado (peso bruto),Monazita,Zaire,ZAR,1979,92,,
Terras raras – minerais (concentrado),Concentrado (peso bruto),Monazita,Zaire,ZAR,1980,51,,
Terras raras – minerais (concentrado),Concentrado (peso bruto),Monazita,Zaire,ZAR,1981,35,,
Terras raras – minerais (concentrado),Concentrado (peso bruto),Monazita,Zaire,ZAR,1982,32,,
Terras raras – minerais (concentrado),Concentrado (peso bruto),Monazita,Zaire,ZAR,1983,15,,
Terras raras – minerais (concentrado),Concentrado (peso bruto),Monazita,Zaire,ZAR,1984,2,,
Terras raras – minerais (concentrado),Concentrado (peso bruto),Monazita,Zaire,ZAR,1985,0,,
Terras raras – minerais (concentrado),Concentrado (peso bruto),Monazita,Zaire,ZAR,1986,7,,
Terras raras – minerais (concentrado),Concentrado (peso bruto),Monazita,Zaire,ZAR,1987,97,,
Terras raras – minerais (concentrado),Concentrado (peso bruto),Monazita,Zaire,ZAR,1988,168,,
Terras raras – minerais (concentrado),Concentrado (peso bruto),Monazita,Zaire,ZAR,1989,175,,
Terras raras – minerais (concentrado),Concentrado (peso bruto),Monazita,Zaire,ZAR,1990,124,,
Terras raras – minerais (concentrado),Concentrado (peso bruto),Monazita,Zaire,ZAR,1991,120,Estimates.,Informativo: estimado
Terras raras – minerais (concentrado),Concentrado (peso bruto),Xenotímio,Australia,AUS,1975,20,,
Terras raras – minerais (concentrado),Concentrado (peso bruto),Xenotímio,Australia,AUS,1976,7,,
Terras raras – minerais (concentrado),Concentrado (peso bruto),Xenotímio,Australia,AUS,1977,12,,
Terras raras – minerais (concentrado),Concentrado (peso bruto),Xenotímio,Australia,AUS,1978,23,,
Terras raras – minerais (concentrado),Concentrado (peso bruto),Xenotímio,Australia,AUS,1979,19,,
Terras raras – minerais (concentrado),Concentrado (peso bruto),Xenotímio,Australia,AUS,1980,27,,
Terras raras – minerais (concentrado),Concentrado (peso bruto),Xenotímio,Australia,AUS,1981,52,,
Terras raras – minerais (concentrado),Concentrado (peso bruto),Xenotímio,Australia,AUS,1982,46,,
Terras raras – minerais (concentrado),Concentrado (peso bruto),Xenotímio,Australia,AUS,1983,24,,
Terras raras – minerais (concentrado),Concentrado (peso bruto),Xenotímio,Australia,AUS,1984,66,,
Terras raras – minerais (concentrado),Concentrado (peso bruto),Xenotímio,Australia,AUS,1985,46,,
Terras raras – minerais (concentrado),Concentrado (peso bruto),Xenotímio,Australia,AUS,1986,41,,
Terras raras – minerais (concentrado),Concentrado (peso bruto),Xenotímio,Malaysia,MYS,1975,25,Exports.,
Terras raras – minerais (concentrado),Concentrado (peso bruto),Xenotímio,Malaysia,MYS,1976,79,Exports.,
Terras raras – minerais (concentrado),Concentrado (peso bruto),Xenotímio,Malaysia,MYS,1977,35,Exports.,
Terras raras – minerais (concentrado),Concentrado (peso bruto),Xenotímio,Malaysia,MYS,1978,0,Exports.,
Terras raras – minerais (concentrado),Concentrado (peso bruto),Xenotímio,Malaysia,MYS,1979,0,Exports.,
Terras raras – minerais (concentrado),Concentrado (peso bruto),Xenotímio,Malaysia,MYS,1980,0,Exports.,
Terras raras – minerais (concentrado),Concentrado (peso bruto),Xenotímio,Malaysia,MYS,1981,24,Exports.,
Terras raras – minerais (concentrado),Concentrado (peso bruto),Xenotímio,Malaysia,MYS,1982,76,Exports.,
Terras raras – minerais (concentrado),Concentrado (peso bruto),Xenotímio,Malaysia,MYS,1983,10,Exports.,
Terras raras – minerais (concentrado),Concentrado (peso bruto),Xenotímio,Malaysia,MYS,1984,68,Exports.,
Terras raras – minerais (concentrado),Concentrado (peso bruto),Xenotímio,Malaysia,MYS,1985,1124,,
Terras raras – minerais (concentrado),Concentrado (peso bruto),Xenotímio,Malaysia,MYS,1986,145,,
Terras raras – minerais (concentrado),Concentrado (peso bruto),Xenotímio,Malaysia,MYS,1987,31,,
Terras raras – minerais (concentrado),Concentrado (peso bruto),Xenotímio,Malaysia,MYS,1988,47,,
Terras raras – minerais (concentrado),Concentrado (peso bruto),Xenotímio,Malaysia,MYS,1989,131,,
Terras raras – minerais (concentrado),Concentrado (peso bruto),Xenotímio,Malaysia,MYS,1990,165,,
Terras raras – minerais (concentrado),Concentrado (peso bruto),Xenotímio,Malaysia,MYS,1991,5,,
Terras raras – minerais (concentrado),Concentrado (peso bruto),Xenotímio,Malaysia,MYS,1992,13,,
Terras raras – minerais (concentrado),Concentrado (peso bruto),Xenotímio,Malaysia,MYS,1993,22,,
Terras raras – minerais (concentrado),Concentrado (peso bruto),Xenotímio,Malaysia,MYS,1994,1,,
Terras raras – minerais (concentrado),Concentrado (peso bruto),Xenotímio,Malaysia,MYS,1995,8,,
Terras raras – minerais (concentrado),Concentrado (peso bruto),Xenotímio,Malaysia,MYS,1996,0,,
Terras raras – minerais (concentrado),Concentrado (peso bruto),Xenotímio,Malaysia,MYS,1997,79,,
Terras raras – minerais (concentrado),Concentrado (peso bruto),Xenotímio,Malaysia,MYS,2002,0,,
Terras raras – minerais (concentrado),Concentrado (peso bruto),Xenotímio,Malaysia,MYS,2007,0,,
Terras raras – minerais (concentrado),Concentrado (peso bruto),Xenotímio,Malaysia,MYS,2008,0,,
Terras raras – minerais (concentrado),Concentrado (peso bruto),Xenotímio,Malaysia,MYS,2009,0,,
Terras raras – minerais (concentrado),Concentrado (peso bruto),Xenotímio,Malaysia,MYS,2010,110,,
Terras raras – minerais (concentrado),Concentrado (peso bruto),Xenotímio,Malaysia,MYS,2011,208,,
Terras raras – minerais (concentrado),Concentrado (peso bruto),Xenotímio,Malaysia,MYS,2020,3,,
Terras raras – minerais (concentrado),Concentrado (peso bruto),Xenotímio,Malaysia,MYS,2021,23,,
Terras raras – minerais (concentrado),Concentrado (peso bruto),Xenotímio,Malaysia,MYS,2022,3,,
Terras raras – minerais (concentrado),Concentrado (peso bruto),Xenotímio,Malaysia,MYS,2023,11,,
Terras raras – minerais (concentrado),Concentrado (peso bruto),Xenotímio,Malaysia,MYS,2024,41,,
Terras raras – minerais (concentrado),Concentrado (peso bruto),Xenotímio,Thailand,THA,1975,0,,
Terras raras – minerais (concentrado),Concentrado (peso bruto),Xenotímio,Thailand,THA,1976,0,,
Terras raras – minerais (concentrado),Concentrado (peso bruto),Xenotímio,Thailand,THA,1977,50,,
Terras raras – minerais (concentrado),Concentrado (peso bruto),Xenotímio,Thailand,THA,1978,0,,
Terras raras – minerais (concentrado),Concentrado (peso bruto),Xenotímio,Thailand,THA,1979,6,,
Terras raras – minerais (concentrado),Concentrado (peso bruto),Xenotímio,Thailand,THA,1980,52,,
Terras raras – minerais (concentrado),Concentrado (peso bruto),Xenotímio,Thailand,THA,1981,45,,
Terras raras – minerais (concentrado),Concentrado (peso bruto),Xenotímio,Thailand,THA,1982,46,,
Terras raras – minerais (concentrado),Concentrado (peso bruto),Xenotímio,Thailand,THA,1983,38,,
Terras raras – minerais (concentrado),Concentrado (peso bruto),Xenotímio,Thailand,THA,1984,28,,
Terras raras – minerais (concentrado),Concentrado (peso bruto),Xenotímio,Thailand,THA,1985,158,,
Terras raras – minerais (concentrado),Concentrado (peso bruto),Xenotímio,Thailand,THA,1986,28,,
Terras raras – minerais (concentrado),Concentrado (peso bruto),Xenotímio,Thailand,THA,1987,30,,
Terras raras – minerais (concentrado),Concentrado (peso bruto),Xenotímio,Thailand,THA,1988,101,,
Terras raras – minerais (concentrado),Concentrado (peso bruto),Xenotímio,Thailand,THA,1989,35,,
Terras raras – minerais (concentrado),Concentrado (peso bruto),Xenotímio,Thailand,THA,1990,14,,
Terras raras – minerais (concentrado),Concentrado (peso bruto),Xenotímio,Thailand,THA,1991,3,,
Terras raras – óxidos (REO),Óxidos (REO),Óxidos de terras raras (REO),Australia,AUS,1992,3640,,
Terras raras – óxidos (REO),Óxidos (REO),Óxidos de terras raras (REO),Australia,AUS,1993,4225,,
Terras raras – óxidos (REO),Óxidos (REO),Óxidos de terras raras (REO),Australia,AUS,1994,1495,,
Terras raras – óxidos (REO),Óxidos (REO),Óxidos de terras raras (REO),Australia,AUS,1995,130,,
Terras raras – óxidos (REO),Óxidos (REO),Óxidos de terras raras (REO),Australia,AUS,1996,0,,
Terras raras – óxidos (REO),Óxidos (REO),Óxidos de terras raras (REO),Australia,AUS,2007,0,,
Terras raras – óxidos (REO),Óxidos (REO),Óxidos de terras raras (REO),Australia,AUS,2008,0,,
Terras raras – óxidos (REO),Óxidos (REO),Óxidos de terras raras (REO),Australia,AUS,2009,0,Years ending 30 June of that stated.,
Terras raras – óxidos (REO),Óxidos (REO),Óxidos de terras raras (REO),Australia,AUS,2010,0,Years ending 30 June of that stated.,
Terras raras – óxidos (REO),Óxidos (REO),Óxidos de terras raras (REO),Australia,AUS,2011,2188,Years ending 30 June of that stated.,
Terras raras – óxidos (REO),Óxidos (REO),Óxidos de terras raras (REO),Australia,AUS,2012,2612,Years ending 30 June of that stated.,
Terras raras – óxidos (REO),Óxidos (REO),Óxidos de terras raras (REO),Australia,AUS,2013,970,Years ending 30 June of that stated.,
Terras raras – óxidos (REO),Óxidos (REO),Óxidos de terras raras (REO),Australia,AUS,2014,3965,Years ending 30 June of that stated.,
Terras raras – óxidos (REO),Óxidos (REO),Óxidos de terras raras (REO),Australia,AUS,2015,8799,Years ending 30 June of that stated.,
Terras raras – óxidos (REO),Óxidos (REO),Óxidos de terras raras (REO),Australia,AUS,2016,12631,Years ending 30 June of that stated.,
Terras raras – óxidos (REO),Óxidos (REO),Óxidos de terras raras (REO),Australia,AUS,2017,16003,Years ending 30 June of that stated.,
Terras raras – óxidos (REO),Óxidos (REO),Óxidos de terras raras (REO),Australia,AUS,2018,17754,Years ending 30 June of that stated.,
Terras raras – óxidos (REO),Óxidos (REO),Óxidos de terras raras (REO),Australia,AUS,2019,19737,Years ending 30 June of that stated.,
Terras raras – óxidos (REO),Óxidos (REO),Óxidos de terras raras (REO),Australia,AUS,2020,14562,Years ending 30 June of that stated.,
Terras raras – óxidos (REO),Óxidos (REO),Óxidos de terras raras (REO),Australia,AUS,2021,15761,Years ending 30 June of that stated.,
Terras raras – óxidos (REO),Óxidos (REO),Óxidos de terras raras (REO),Australia,AUS,2022,15970,Years ending 30 June of that stated.,
Terras raras – óxidos (REO),Óxidos (REO),Óxidos de terras raras (REO),Australia,AUS,2023,16780,Years ending 30 June of that stated.,
Terras raras – óxidos (REO),Óxidos (REO),Óxidos de terras raras (REO),Australia,AUS,2024,10908,Years ending 30 June of that stated.,
Terras raras – óxidos (REO),Óxidos (REO),Óxidos de terras raras (REO),Brazil,BRA,1992,1060,,
Terras raras – óxidos (REO),Óxidos (REO),Óxidos de terras raras (REO),Brazil,BRA,1993,0,,
Terras raras – óxidos (REO),Óxidos (REO),Óxidos de terras raras (REO),Brazil,BRA,1994,0,,
Terras raras – óxidos (REO),Óxidos (REO),Óxidos de terras raras (REO),Brazil,BRA,1995,0,,
Terras raras – óxidos (REO),Óxidos (REO),Óxidos de terras raras (REO),Brazil,BRA,1996,0,,
Terras raras – óxidos (REO),Óxidos (REO),Óxidos de terras raras (REO),Brazil,BRA,1997,0,,
Terras raras – óxidos (REO),Óxidos (REO),Óxidos de terras raras (REO),Brazil,BRA,1998,0,,
Terras raras – óxidos (REO),Óxidos (REO),Óxidos de terras raras (REO),Brazil,BRA,1999,0,,
Terras raras – óxidos (REO),Óxidos (REO),Óxidos de terras raras (REO),Brazil,BRA,2000,0,,
Terras raras – óxidos (REO),Óxidos (REO),Óxidos de terras raras (REO),Brazil,BRA,2001,0,,
Terras raras – óxidos (REO),Óxidos (REO),Óxidos de terras raras (REO),Brazil,BRA,2002,0,,
Terras raras – óxidos (REO),Óxidos (REO),Óxidos de terras raras (REO),Brazil,BRA,2003,0,,
Terras raras – óxidos (REO),Óxidos (REO),Óxidos de terras raras (REO),Brazil,BRA,2004,480,,
Terras raras – óxidos (REO),Óxidos (REO),Óxidos de terras raras (REO),Brazil,BRA,2005,620,,
Terras raras – óxidos (REO),Óxidos (REO),Óxidos de terras raras (REO),Brazil,BRA,2006,620,,
Terras raras – óxidos (REO),Óxidos (REO),Óxidos de terras raras (REO),Brazil,BRA,2007,760,,
Terras raras – óxidos (REO),Óxidos (REO),Óxidos de terras raras (REO),Brazil,BRA,2008,540,,
Terras raras – óxidos (REO),Óxidos (REO),Óxidos de terras raras (REO),Brazil,BRA,2009,200,Estimates.,Informativo: estimado
Terras raras – óxidos (REO),Óxidos (REO),Óxidos de terras raras (REO),Brazil,BRA,2010,160,Estimates.,Informativo: estimado
Terras raras – óxidos (REO),Óxidos (REO),Óxidos de terras raras (REO),Brazil,BRA,2011,188,Estimates.,Informativo: estimado
Terras raras – óxidos (REO),Óxidos (REO),Óxidos de terras raras (REO),Brazil,BRA,2012,134,Estimates.,Informativo: estimado
Terras raras – óxidos (REO),Óxidos (REO),Óxidos de terras raras (REO),Burundi,BDI,2017,30,,
Terras raras – óxidos (REO),Óxidos (REO),Óxidos de terras raras (REO),Burundi,BDI,2018,480,,
Terras raras – óxidos (REO),Óxidos (REO),Óxidos de terras raras (REO),Burundi,BDI,2019,150,,
Terras raras – óxidos (REO),Óxidos (REO),Óxidos de terras raras (REO),Burundi,BDI,2020,250,,
Terras raras – óxidos (REO),Óxidos (REO),Óxidos de terras raras (REO),Burundi,BDI,2021,150,,
Terras raras – óxidos (REO),Óxidos (REO),Óxidos de terras raras (REO),Burundi,BDI,2022,0,,
Terras raras – óxidos (REO),Óxidos (REO),Óxidos de terras raras (REO),Burundi,BDI,2023,0,,
Terras raras – óxidos (REO),Óxidos (REO),Óxidos de terras raras (REO),Burundi,BDI,2024,0,,
Terras raras – óxidos (REO),Óxidos (REO),Óxidos de terras raras (REO),Canada,CAN,2017,,,Informativo: valor ausente
Terras raras – óxidos (REO),Óxidos (REO),Óxidos de terras raras (REO),China,CHN,1992,21300,"Estimates. | Includes production from iron ore extraction, bastnasite concentrates and ion absorption clays.",Informativo: estimado
Terras raras – óxidos (REO),Óxidos (REO),Óxidos de terras raras (REO),China,CHN,1993,22100,"Estimates. | Includes production from iron ore extraction, bastnasite concentrates and ion absorption clays.",Informativo: estimado
Terras raras – óxidos (REO),Óxidos (REO),Óxidos de terras raras (REO),China,CHN,1994,30700,"Estimates. | Includes production from iron ore extraction, bastnasite concentrates and ion absorption clays.",Informativo: estimado
Terras raras – óxidos (REO),Óxidos (REO),Óxidos de terras raras (REO),China,CHN,1995,50933,"Estimates. | Includes production from iron ore extraction, bastnasite concentrates and ion absorption clays.",Informativo: estimado
Terras raras – óxidos (REO),Óxidos (REO),Óxidos de terras raras (REO),China,CHN,1996,60373,"Estimates. | Includes production from iron ore extraction, bastnasite concentrates and ion absorption clays.",Informativo: estimado
Terras raras – óxidos (REO),Óxidos (REO),Óxidos de terras raras (REO),China,CHN,1997,63250,"Estimates. | Includes production from iron ore extraction, bastnasite concentrates and ion absorption clays.",Informativo: estimado
Terras raras – óxidos (REO),Óxidos (REO),Óxidos de terras raras (REO),China,CHN,1998,75000,"Estimates. | Includes production from iron ore extraction, bastnasite concentrates and ion absorption clays.",Informativo: estimado
Terras raras – óxidos (REO),Óxidos (REO),Óxidos de terras raras (REO),China,CHN,1999,80500,"Estimates. | Includes production from iron ore extraction, bastnasite concentrates and ion absorption clays.",Informativo: estimado
Terras raras – óxidos (REO),Óxidos (REO),Óxidos de terras raras (REO),China,CHN,2000,73000,"Estimates. | Includes production from iron ore extraction, bastnasite concentrates and ion absorption clays.",Informativo: estimado
Terras raras – óxidos (REO),Óxidos (REO),Óxidos de terras raras (REO),China,CHN,2001,80600,"Estimates. | Includes production from iron ore extraction, bastnasite concentrates and ion absorption clays.",Informativo: estimado
Terras raras – óxidos (REO),Óxidos (REO),Óxidos de terras raras (REO),China,CHN,2002,88000,"Estimates. | Includes production from iron ore extraction, bastnasite concentrates and ion absorption clays.",Informativo: estimado
Terras raras – óxidos (REO),Óxidos (REO),Óxidos de terras raras (REO),China,CHN,2003,92000,"Estimates. | Includes production from iron ore extraction, bastnasite concentrates and ion absorption clays.",Informativo: estimado
Terras raras – óxidos (REO),Óxidos (REO),Óxidos de terras raras (REO),China,CHN,2004,98300,"Estimates. | Includes production from iron ore extraction, bastnasite concentrates and ion absorption clays.",Informativo: estimado
Terras raras – óxidos (REO),Óxidos (REO),Óxidos de terras raras (REO),China,CHN,2005,119000,"Estimates. | Includes production from iron ore extraction, bastnasite concentrates and ion absorption clays.",Informativo: estimado
Terras raras – óxidos (REO),Óxidos (REO),Óxidos de terras raras (REO),China,CHN,2006,133000,"Estimates. | Includes production from iron ore extraction, bastnasite concentrates and ion absorption clays.",Informativo: estimado
Terras raras – óxidos (REO),Óxidos (REO),Óxidos de terras raras (REO),China,CHN,2007,120800,"Estimates. | Includes production from iron ore extraction, bastnasite concentrates and ion absorption clays.",Informativo: estimado
Terras raras – óxidos (REO),Óxidos (REO),Óxidos de terras raras (REO),China,CHN,2008,124500,"Estimates. | Includes production from iron ore extraction, bastnasite concentrates and ion absorption clays.",Informativo: estimado
Terras raras – óxidos (REO),Óxidos (REO),Óxidos de terras raras (REO),China,CHN,2009,129400,"Estimates. | Includes production from iron ore extraction, bastnasite concentrates and ion absorption clays.",Informativo: estimado
Terras raras – óxidos (REO),Óxidos (REO),Óxidos de terras raras (REO),China,CHN,2010,118900,"Estimates. | Includes production from iron ore extraction, bastnasite concentrates and ion absorption clays.",Informativo: estimado
Terras raras – óxidos (REO),Óxidos (REO),Óxidos de terras raras (REO),China,CHN,2011,105000,"Estimates. | Includes production from iron ore extraction, bastnasite concentrates and ion absorption clays.",Informativo: estimado
Terras raras – óxidos (REO),Óxidos (REO),Óxidos de terras raras (REO),China,CHN,2012,100000,"Estimates. | Includes production from iron ore extraction, bastnasite concentrates and ion absorption clays.",Informativo: estimado
Terras raras – óxidos (REO),Óxidos (REO),Óxidos de terras raras (REO),China,CHN,2013,95000,"Estimates. | Includes production from iron ore extraction, bastnasite concentrates and ion absorption clays.",Informativo: estimado
Terras raras – óxidos (REO),Óxidos (REO),Óxidos de terras raras (REO),China,CHN,2014,139000,"Estimates. | Includes production from iron ore extraction, bastnasite concentrates and ion absorption clays.",Informativo: estimado
Terras raras – óxidos (REO),Óxidos (REO),Óxidos de terras raras (REO),China,CHN,2015,139000,"Estimates. | Includes production from iron ore extraction, bastnasite concentrates and ion absorption clays.",Informativo: estimado
Terras raras – óxidos (REO),Óxidos (REO),Óxidos de terras raras (REO),China,CHN,2016,140000,"Estimates. | Includes production from iron ore extraction, bastnasite concentrates and ion absorption clays.",Informativo: estimado
Terras raras – óxidos (REO),Óxidos (REO),Óxidos de terras raras (REO),China,CHN,2017,140000,"Estimates. | Includes production from iron ore extraction, bastnasite concentrates and ion absorption clays.",Informativo: estimado
Terras raras – óxidos (REO),Óxidos (REO),Óxidos de terras raras (REO),China,CHN,2018,180000,"Estimates. | Includes production from iron ore extraction, bastnasite concentrates and ion absorption clays.",Informativo: estimado
Terras raras – óxidos (REO),Óxidos (REO),Óxidos de terras raras (REO),China,CHN,2019,180000,"Estimates. | Includes production from iron ore extraction, bastnasite concentrates and ion absorption clays.",Informativo: estimado
Terras raras – óxidos (REO),Óxidos (REO),Óxidos de terras raras (REO),China,CHN,2020,180000,"Estimates. | Includes production from iron ore extraction, bastnasite concentrates and ion absorption clays.",Informativo: estimado
Terras raras – óxidos (REO),Óxidos (REO),Óxidos de terras raras (REO),China,CHN,2021,180000,"Estimates. | Includes production from iron ore extraction, bastnasite concentrates and ion absorption clays.",Informativo: estimado
Terras raras – óxidos (REO),Óxidos (REO),Óxidos de terras raras (REO),China,CHN,2022,210000,"Estimates. | Includes production from iron ore extraction, bastnasite concentrates and ion absorption clays.",Informativo: estimado
Terras raras – óxidos (REO),Óxidos (REO),Óxidos de terras raras (REO),China,CHN,2023,255000,"Estimates. | Includes production from iron ore extraction, bastnasite concentrates and ion absorption clays.",Informativo: estimado
Terras raras – óxidos (REO),Óxidos (REO),Óxidos de terras raras (REO),China,CHN,2024,270000,"Estimates. | Includes production from iron ore extraction, bastnasite concentrates and ion absorption clays.",Informativo: estimado
Terras raras – óxidos (REO),Óxidos (REO),Óxidos de terras raras (REO),"Congo, Democratic Republic",COD,1992,33,,
Terras raras – óxidos (REO),Óxidos (REO),Óxidos de terras raras (REO),"Congo, Democratic Republic",COD,1993,13,,
Terras raras – óxidos (REO),Óxidos (REO),Óxidos de terras raras (REO),"Congo, Democratic Republic",COD,1994,13,,
Terras raras – óxidos (REO),Óxidos (REO),Óxidos de terras raras (REO),"Congo, Democratic Republic",COD,1995,13,,
Terras raras – óxidos (REO),Óxidos (REO),Óxidos de terras raras (REO),"Congo, Democratic Republic",COD,1996,7,,
Terras raras – óxidos (REO),Óxidos (REO),Óxidos de terras raras (REO),"Congo, Democratic Republic",COD,1997,0,,
Terras raras – óxidos (REO),Óxidos (REO),Óxidos de terras raras (REO),India,IND,1992,3300,Years ending 31 March following that stated.,
Terras raras – óxidos (REO),Óxidos (REO),Óxidos de terras raras (REO),India,IND,1993,3300,Years ending 31 March following that stated.,
Terras raras – óxidos (REO),Óxidos (REO),Óxidos de terras raras (REO),India,IND,1994,3300,Years ending 31 March following that stated.,
Terras raras – óxidos (REO),Óxidos (REO),Óxidos de terras raras (REO),India,IND,1995,3300,Years ending 31 March following that stated.,
Terras raras – óxidos (REO),Óxidos (REO),Óxidos de terras raras (REO),India,IND,1996,3300,Years ending 31 March following that stated.,
Terras raras – óxidos (REO),Óxidos (REO),Óxidos de terras raras (REO),India,IND,1997,2100,Years ending 31 March following that stated.,
Terras raras – óxidos (REO),Óxidos (REO),Óxidos de terras raras (REO),India,IND,1998,2000,Years ending 31 March following that stated.,
Terras raras – óxidos (REO),Óxidos (REO),Óxidos de terras raras (REO),India,IND,1999,1100,Years ending 31 March following that stated.,
Terras raras – óxidos (REO),Óxidos (REO),Óxidos de terras raras (REO),India,IND,2000,1200,Years ending 31 March following that stated.,
Terras raras – óxidos (REO),Óxidos (REO),Óxidos de terras raras (REO),India,IND,2001,1700,Years ending 31 March following that stated.,
Terras raras – óxidos (REO),Óxidos (REO),Óxidos de terras raras (REO),India,IND,2002,1900,Years ending 31 March following that stated.,
Terras raras – óxidos (REO),Óxidos (REO),Óxidos de terras raras (REO),India,IND,2003,1900,Years ending 31 March following that stated.,
Terras raras – óxidos (REO),Óxidos (REO),Óxidos de terras raras (REO),India,IND,2004,2000,Years ending 31 March following that stated.,
Terras raras – óxidos (REO),Óxidos (REO),Óxidos de terras raras (REO),India,IND,2005,122,Years ending 31 March following that stated. | May include small quantities of other rare earth compounds.,
Terras raras – óxidos (REO),Óxidos (REO),Óxidos de terras raras (REO),India,IND,2006,45,Years ending 31 March following that stated. | May include small quantities of other rare earth compounds.,
Terras raras – óxidos (REO),Óxidos (REO),Óxidos de terras raras (REO),India,IND,2007,35,Years ending 31 March following that stated. | May include small quantities of other rare earth compounds.,
Terras raras – óxidos (REO),Óxidos (REO),Óxidos de terras raras (REO),India,IND,2008,22,Years ending 31 March following that stated. | May include small quantities of other rare earth compounds.,
Terras raras – óxidos (REO),Óxidos (REO),Óxidos de terras raras (REO),India,IND,2009,16,Years ending 31 March following that stated. | May include small quantities of other rare earth compounds.,
Terras raras – óxidos (REO),Óxidos (REO),Óxidos de terras raras (REO),India,IND,2013,319,Years ending 31 March following that stated.,
Terras raras – óxidos (REO),Óxidos (REO),Óxidos de terras raras (REO),India,IND,2014,1836,Years ending 31 March following that stated.,
Terras raras – óxidos (REO),Óxidos (REO),Óxidos de terras raras (REO),India,IND,2015,956,Years ending 31 March following that stated.,
Terras raras – óxidos (REO),Óxidos (REO),Óxidos de terras raras (REO),India,IND,2016,2265,Years ending 31 March following that stated.,
Terras raras – óxidos (REO),Óxidos (REO),Óxidos de terras raras (REO),India,IND,2017,2724,Years ending 31 March following that stated.,
Terras raras – óxidos (REO),Óxidos (REO),Óxidos de terras raras (REO),India,IND,2018,4215,Years ending 31 March following that stated.,
Terras raras – óxidos (REO),Óxidos (REO),Óxidos de terras raras (REO),India,IND,2019,4200,Estimates. | Years ending 31 March following that stated.,Informativo: estimado
Terras raras – óxidos (REO),Óxidos (REO),Óxidos de terras raras (REO),India,IND,2020,4200,Estimates. | Years ending 31 March following that stated.,Informativo: estimado
Terras raras – óxidos (REO),Óxidos (REO),Óxidos de terras raras (REO),India,IND,2021,4200,Estimates. | Years ending 31 March following that stated.,Informativo: estimado
Terras raras – óxidos (REO),Óxidos (REO),Óxidos de terras raras (REO),India,IND,2022,4200,Estimates. | Years ending 31 March following that stated.,Informativo: estimado
Terras raras – óxidos (REO),Óxidos (REO),Óxidos de terras raras (REO),India,IND,2023,4200,Estimates. | Years ending 31 March following that stated.,Informativo: estimado
Terras raras – óxidos (REO),Óxidos (REO),Óxidos de terras raras (REO),India,IND,2024,4200,Estimates. | Years ending 31 March following that stated.,Informativo: estimado
Terras raras – óxidos (REO),Óxidos (REO),Óxidos de terras raras (REO),Madagascar,MDG,1992,65,,
Terras raras – óxidos (REO),Óxidos (REO),Óxidos de terras raras (REO),Madagascar,MDG,1993,65,,
Terras raras – óxidos (REO),Óxidos (REO),Óxidos de terras raras (REO),Madagascar,MDG,1994,65,,
Terras raras – óxidos (REO),Óxidos (REO),Óxidos de terras raras (REO),Madagascar,MDG,1995,65,,
Terras raras – óxidos (REO),Óxidos (REO),Óxidos de terras raras (REO),Madagascar,MDG,1996,0,,
Terras raras – óxidos (REO),Óxidos (REO),Óxidos de terras raras (REO),Madagascar,MDG,2016,0,Estimates.,Informativo: estimado
Terras raras – óxidos (REO),Óxidos (REO),Óxidos de terras raras (REO),Madagascar,MDG,2017,0,Estimates.,Informativo: estimado
Terras raras – óxidos (REO),Óxidos (REO),Óxidos de terras raras (REO),Madagascar,MDG,2018,2000,Estimates.,Informativo: estimado
Terras raras – óxidos (REO),Óxidos (REO),Óxidos de terras raras (REO),Madagascar,MDG,2019,4000,Estimates.,Informativo: estimado
Terras raras – óxidos (REO),Óxidos (REO),Óxidos de terras raras (REO),Madagascar,MDG,2020,2800,Estimates.,Informativo: estimado
Terras raras – óxidos (REO),Óxidos (REO),Óxidos de terras raras (REO),Madagascar,MDG,2021,2000,Estimates.,Informativo: estimado
Terras raras – óxidos (REO),Óxidos (REO),Óxidos de terras raras (REO),Madagascar,MDG,2022,960,Estimates.,Informativo: estimado
Terras raras – óxidos (REO),Óxidos (REO),Óxidos de terras raras (REO),Madagascar,MDG,2023,2100,Estimates.,Informativo: estimado
Terras raras – óxidos (REO),Óxidos (REO),Óxidos de terras raras (REO),Madagascar,MDG,2024,2000,Estimates.,Informativo: estimado
Terras raras – óxidos (REO),Óxidos (REO),Óxidos de terras raras (REO),Malaysia,MYS,1992,330,,
Terras raras – óxidos (REO),Óxidos (REO),Óxidos de terras raras (REO),Malaysia,MYS,1993,170,,
Terras raras – óxidos (REO),Óxidos (REO),Óxidos de terras raras (REO),Malaysia,MYS,1994,180,,
Terras raras – óxidos (REO),Óxidos (REO),Óxidos de terras raras (REO),Malaysia,MYS,1995,340,,
Terras raras – óxidos (REO),Óxidos (REO),Óxidos de terras raras (REO),Malaysia,MYS,1996,260,,
Terras raras – óxidos (REO),Óxidos (REO),Óxidos de terras raras (REO),Malaysia,MYS,1997,300,,
Terras raras – óxidos (REO),Óxidos (REO),Óxidos de terras raras (REO),Malaysia,MYS,1998,220,,
Terras raras – óxidos (REO),Óxidos (REO),Óxidos de terras raras (REO),Malaysia,MYS,1999,490,,
Terras raras – óxidos (REO),Óxidos (REO),Óxidos de terras raras (REO),Malaysia,MYS,2000,350,,
Terras raras – óxidos (REO),Óxidos (REO),Óxidos de terras raras (REO),Malaysia,MYS,2001,270,,
Terras raras – óxidos (REO),Óxidos (REO),Óxidos de terras raras (REO),Malaysia,MYS,2002,190,,
Terras raras – óxidos (REO),Óxidos (REO),Óxidos de terras raras (REO),Malaysia,MYS,2003,340,,
Terras raras – óxidos (REO),Óxidos (REO),Óxidos de terras raras (REO),Malaysia,MYS,2004,710,,
Terras raras – óxidos (REO),Óxidos (REO),Óxidos de terras raras (REO),Malaysia,MYS,2005,210,,
Terras raras – óxidos (REO),Óxidos (REO),Óxidos de terras raras (REO),Malaysia,MYS,2006,580,,
Terras raras – óxidos (REO),Óxidos (REO),Óxidos de terras raras (REO),Malaysia,MYS,2007,440,,
Terras raras – óxidos (REO),Óxidos (REO),Óxidos de terras raras (REO),Malaysia,MYS,2008,150,,
Terras raras – óxidos (REO),Óxidos (REO),Óxidos de terras raras (REO),Malaysia,MYS,2009,20,,
Terras raras – óxidos (REO),Óxidos (REO),Óxidos de terras raras (REO),Malaysia,MYS,2010,471,,
Terras raras – óxidos (REO),Óxidos (REO),Óxidos de terras raras (REO),Malaysia,MYS,2011,498,,
Terras raras – óxidos (REO),Óxidos (REO),Óxidos de terras raras (REO),Malaysia,MYS,2012,114,,
Terras raras – óxidos (REO),Óxidos (REO),Óxidos de terras raras (REO),Malaysia,MYS,2013,229,,
Terras raras – óxidos (REO),Óxidos (REO),Óxidos de terras raras (REO),Malaysia,MYS,2014,292,,
Terras raras – óxidos (REO),Óxidos (REO),Óxidos de terras raras (REO),Malaysia,MYS,2015,365,,
Terras raras – óxidos (REO),Óxidos (REO),Óxidos de terras raras (REO),Malaysia,MYS,2016,1221,,
Terras raras – óxidos (REO),Óxidos (REO),Óxidos de terras raras (REO),Malaysia,MYS,2017,196,,
Terras raras – óxidos (REO),Óxidos (REO),Óxidos de terras raras (REO),Malaysia,MYS,2018,1012,,
Terras raras – óxidos (REO),Óxidos (REO),Óxidos de terras raras (REO),Malaysia,MYS,2019,72,,
Terras raras – óxidos (REO),Óxidos (REO),Óxidos de terras raras (REO),Malaysia,MYS,2020,14,,
Terras raras – óxidos (REO),Óxidos (REO),Óxidos de terras raras (REO),Malaysia,MYS,2021,29,,
Terras raras – óxidos (REO),Óxidos (REO),Óxidos de terras raras (REO),Malaysia,MYS,2022,52,,
Terras raras – óxidos (REO),Óxidos (REO),Óxidos de terras raras (REO),Malaysia,MYS,2023,134,,
Terras raras – óxidos (REO),Óxidos (REO),Óxidos de terras raras (REO),Malaysia,MYS,2024,135,Estimates.,Informativo: estimado
Terras raras – óxidos (REO),Óxidos (REO),Óxidos de terras raras (REO),Myanmar,MMR,2013,100,Estimates.,Informativo: estimado
Terras raras – óxidos (REO),Óxidos (REO),Óxidos de terras raras (REO),Myanmar,MMR,2014,300,Estimates.,Informativo: estimado
Terras raras – óxidos (REO),Óxidos (REO),Óxidos de terras raras (REO),Myanmar,MMR,2015,400,Estimates.,Informativo: estimado
Terras raras – óxidos (REO),Óxidos (REO),Óxidos de terras raras (REO),Myanmar,MMR,2016,4500,Estimates.,Informativo: estimado
Terras raras – óxidos (REO),Óxidos (REO),Óxidos de terras raras (REO),Myanmar,MMR,2017,20000,Estimates.,Informativo: estimado
Terras raras – óxidos (REO),Óxidos (REO),Óxidos de terras raras (REO),Myanmar,MMR,2018,34000,Estimates.,Informativo: estimado
Terras raras – óxidos (REO),Óxidos (REO),Óxidos de terras raras (REO),Myanmar,MMR,2019,29000,Estimates.,Informativo: estimado
Terras raras – óxidos (REO),Óxidos (REO),Óxidos de terras raras (REO),Myanmar,MMR,2020,35000,Estimates.,Informativo: estimado
Terras raras – óxidos (REO),Óxidos (REO),Óxidos de terras raras (REO),Myanmar,MMR,2021,35000,Estimates.,Informativo: estimado
Terras raras – óxidos (REO),Óxidos (REO),Óxidos de terras raras (REO),Myanmar,MMR,2022,24000,Estimates.,Informativo: estimado
Terras raras – óxidos (REO),Óxidos (REO),Óxidos de terras raras (REO),Myanmar,MMR,2023,72000,Estimates.,Informativo: estimado
Terras raras – óxidos (REO),Óxidos (REO),Óxidos de terras raras (REO),Myanmar,MMR,2024,44400,Estimates.,Informativo: estimado
Terras raras – óxidos (REO),Óxidos (REO),Óxidos de terras raras (REO),Russia,RUS,1992,4000,Estimates.,Informativo: estimado
Terras raras – óxidos (REO),Óxidos (REO),Óxidos de terras raras (REO),Russia,RUS,1993,500,Estimates.,Informativo: estimado
Terras raras – óxidos (REO),Óxidos (REO),Óxidos de terras raras (REO),Russia,RUS,1994,500,Estimates.,Informativo: estimado
Terras raras – óxidos (REO),Óxidos (REO),Óxidos de terras raras (REO),Russia,RUS,1995,400,Estimates.,Informativo: estimado
Terras raras – óxidos (REO),Óxidos (REO),Óxidos de terras raras (REO),Russia,RUS,1996,400,Estimates.,Informativo: estimado
Terras raras – óxidos (REO),Óxidos (REO),Óxidos de terras raras (REO),Russia,RUS,1997,300,Estimates.,Informativo: estimado
Terras raras – óxidos (REO),Óxidos (REO),Óxidos de terras raras (REO),Russia,RUS,1998,333,,
Terras raras – óxidos (REO),Óxidos (REO),Óxidos de terras raras (REO),Russia,RUS,1999,500,Estimates.,Informativo: estimado
Terras raras – óxidos (REO),Óxidos (REO),Óxidos de terras raras (REO),Russia,RUS,2000,750,Estimates.,Informativo: estimado
Terras raras – óxidos (REO),Óxidos (REO),Óxidos de terras raras (REO),Russia,RUS,2001,1000,Estimates.,Informativo: estimado
Terras raras – óxidos (REO),Óxidos (REO),Óxidos de terras raras (REO),Russia,RUS,2002,1250,Estimates.,Informativo: estimado
Terras raras – óxidos (REO),Óxidos (REO),Óxidos de terras raras (REO),Russia,RUS,2003,1500,Estimates.,Informativo: estimado
Terras raras – óxidos (REO),Óxidos (REO),Óxidos de terras raras (REO),Russia,RUS,2004,1592,,
Terras raras – óxidos (REO),Óxidos (REO),Óxidos de terras raras (REO),Russia,RUS,2005,2027,,
Terras raras – óxidos (REO),Óxidos (REO),Óxidos de terras raras (REO),Russia,RUS,2006,2935,,
Terras raras – óxidos (REO),Óxidos (REO),Óxidos de terras raras (REO),Russia,RUS,2007,2711,,
Terras raras – óxidos (REO),Óxidos (REO),Óxidos de terras raras (REO),Russia,RUS,2008,2470,,
Terras raras – óxidos (REO),Óxidos (REO),Óxidos de terras raras (REO),Russia,RUS,2009,1898,,
Terras raras – óxidos (REO),Óxidos (REO),Óxidos de terras raras (REO),Russia,RUS,2010,1496,,
Terras raras – óxidos (REO),Óxidos (REO),Óxidos de terras raras (REO),Russia,RUS,2011,1444,,
Terras raras – óxidos (REO),Óxidos (REO),Óxidos de terras raras (REO),Russia,RUS,2012,2131,,
Terras raras – óxidos (REO),Óxidos (REO),Óxidos de terras raras (REO),Russia,RUS,2013,1443,,
Terras raras – óxidos (REO),Óxidos (REO),Óxidos de terras raras (REO),Russia,RUS,2014,2134,,
Terras raras – óxidos (REO),Óxidos (REO),Óxidos de terras raras (REO),Russia,RUS,2015,2312,,
Terras raras – óxidos (REO),Óxidos (REO),Óxidos de terras raras (REO),Russia,RUS,2016,3063,,
Terras raras – óxidos (REO),Óxidos (REO),Óxidos de terras raras (REO),Russia,RUS,2017,2500,,
Terras raras – óxidos (REO),Óxidos (REO),Óxidos de terras raras (REO),Russia,RUS,2018,2596,,
Terras raras – óxidos (REO),Óxidos (REO),Óxidos de terras raras (REO),Russia,RUS,2019,2620,,
Terras raras – óxidos (REO),Óxidos (REO),Óxidos de terras raras (REO),Russia,RUS,2020,2663,,
Terras raras – óxidos (REO),Óxidos (REO),Óxidos de terras raras (REO),Russia,RUS,2021,2276,,
Terras raras – óxidos (REO),Óxidos (REO),Óxidos de terras raras (REO),Russia,RUS,2022,2038,,
Terras raras – óxidos (REO),Óxidos (REO),Óxidos de terras raras (REO),Russia,RUS,2023,1964,,
Terras raras – óxidos (REO),Óxidos (REO),Óxidos de terras raras (REO),Russia,RUS,2024,1771,,
Terras raras – óxidos (REO),Óxidos (REO),Óxidos de terras raras (REO),South Africa,ZAF,1992,280,,
Terras raras – óxidos (REO),Óxidos (REO),Óxidos de terras raras (REO),South Africa,ZAF,1993,280,,
Terras raras – óxidos (REO),Óxidos (REO),Óxidos de terras raras (REO),South Africa,ZAF,1994,85,,
Terras raras – óxidos (REO),Óxidos (REO),Óxidos de terras raras (REO),South Africa,ZAF,1995,0,,
Terras raras – óxidos (REO),Óxidos (REO),Óxidos de terras raras (REO),South Africa,ZAF,1996,0,,
Terras raras – óxidos (REO),Óxidos (REO),Óxidos de terras raras (REO),Sri Lanka,LKA,1992,130,,
Terras raras – óxidos (REO),Óxidos (REO),Óxidos de terras raras (REO),Sri Lanka,LKA,1993,130,,
Terras raras – óxidos (REO),Óxidos (REO),Óxidos de terras raras (REO),Sri Lanka,LKA,1994,0,,
Terras raras – óxidos (REO),Óxidos (REO),Óxidos de terras raras (REO),Sri Lanka,LKA,1995,0,,
Terras raras – óxidos (REO),Óxidos (REO),Óxidos de terras raras (REO),Sri Lanka,LKA,1996,0,,
Terras raras – óxidos (REO),Óxidos (REO),Óxidos de terras raras (REO),Thailand,THA,1992,58,,
Terras raras – óxidos (REO),Óxidos (REO),Óxidos de terras raras (REO),Thailand,THA,1993,143,,
Terras raras – óxidos (REO),Óxidos (REO),Óxidos de terras raras (REO),Thailand,THA,1994,0,,
Terras raras – óxidos (REO),Óxidos (REO),Óxidos de terras raras (REO),Thailand,THA,1995,0,,
Terras raras – óxidos (REO),Óxidos (REO),Óxidos de terras raras (REO),Thailand,THA,1996,0,,
Terras raras – óxidos (REO),Óxidos (REO),Óxidos de terras raras (REO),Thailand,THA,2012,,,Informativo: valor ausente
Terras raras – óxidos (REO),Óxidos (REO),Óxidos de terras raras (REO),USA,USA,1992,20699,,
Terras raras – óxidos (REO),Óxidos (REO),Óxidos de terras raras (REO),USA,USA,1993,17754,,
Terras raras – óxidos (REO),Óxidos (REO),Óxidos de terras raras (REO),USA,USA,1994,20664,,
Terras raras – óxidos (REO),Óxidos (REO),Óxidos de terras raras (REO),USA,USA,1995,22200,,
Terras raras – óxidos (REO),Óxidos (REO),Óxidos de terras raras (REO),USA,USA,1996,20400,,
Terras raras – óxidos (REO),Óxidos (REO),Óxidos de terras raras (REO),USA,USA,1997,10000,,
Terras raras – óxidos (REO),Óxidos (REO),Óxidos de terras raras (REO),USA,USA,1998,5000,,
Terras raras – óxidos (REO),Óxidos (REO),Óxidos de terras raras (REO),USA,USA,1999,5000,,
Terras raras – óxidos (REO),Óxidos (REO),Óxidos de terras raras (REO),USA,USA,2000,5000,,
Terras raras – óxidos (REO),Óxidos (REO),Óxidos de terras raras (REO),USA,USA,2001,5000,,
Terras raras – óxidos (REO),Óxidos (REO),Óxidos de terras raras (REO),USA,USA,2002,5000,,
Terras raras – óxidos (REO),Óxidos (REO),Óxidos de terras raras (REO),USA,USA,2003,0,,
Terras raras – óxidos (REO),Óxidos (REO),Óxidos de terras raras (REO),USA,USA,2004,0,,
Terras raras – óxidos (REO),Óxidos (REO),Óxidos de terras raras (REO),USA,USA,2008,0,,
Terras raras – óxidos (REO),Óxidos (REO),Óxidos de terras raras (REO),USA,USA,2009,0,,
Terras raras – óxidos (REO),Óxidos (REO),Óxidos de terras raras (REO),USA,USA,2010,0,,
Terras raras – óxidos (REO),Óxidos (REO),Óxidos de terras raras (REO),USA,USA,2011,0,,
Terras raras – óxidos (REO),Óxidos (REO),Óxidos de terras raras (REO),USA,USA,2012,1800,,
Terras raras – óxidos (REO),Óxidos (REO),Óxidos de terras raras (REO),USA,USA,2013,3300,,
Terras raras – óxidos (REO),Óxidos (REO),Óxidos de terras raras (REO),USA,USA,2014,3240,,
Terras raras – óxidos (REO),Óxidos (REO),Óxidos de terras raras (REO),USA,USA,2015,3540,,
Terras raras – óxidos (REO),Óxidos (REO),Óxidos de terras raras (REO),USA,USA,2016,0,,
Terras raras – óxidos (REO),Óxidos (REO),Óxidos de terras raras (REO),USA,USA,2017,0,,
Terras raras – óxidos (REO),Óxidos (REO),Óxidos de terras raras (REO),USA,USA,2018,10800,,
Terras raras – óxidos (REO),Óxidos (REO),Óxidos de terras raras (REO),USA,USA,2019,16800,,
Terras raras – óxidos (REO),Óxidos (REO),Óxidos de terras raras (REO),USA,USA,2020,22800,Estimates.,Informativo: estimado
Terras raras – óxidos (REO),Óxidos (REO),Óxidos de terras raras (REO),USA,USA,2021,25440,Estimates.,Informativo: estimado
Terras raras – óxidos (REO),Óxidos (REO),Óxidos de terras raras (REO),USA,USA,2022,25500,Estimates.,Informativo: estimado
Terras raras – óxidos (REO),Óxidos (REO),Óxidos de terras raras (REO),USA,USA,2023,24960,Estimates.,Informativo: estimado
Terras raras – óxidos (REO),Óxidos (REO),Óxidos de terras raras (REO),USA,USA,2024,27000,Estimates.,Informativo: estimado
Terras raras – óxidos (REO),Óxidos (REO),Óxidos de terras raras (REO),Vietnam,VNM,2011,0,Estimates.,Informativo: estimado
Terras raras – óxidos (REO),Óxidos (REO),Óxidos de terras raras (REO),Vietnam,VNM,2012,0,Estimates.,Informativo: estimado
Terras raras – óxidos (REO),Óxidos (REO),Óxidos de terras raras (REO),Vietnam,VNM,2013,100,Estimates.,Informativo: estimado
Terras raras – óxidos (REO),Óxidos (REO),Óxidos de terras raras (REO),Vietnam,VNM,2014,0,Estimates.,Informativo: estimado
Terras raras – óxidos (REO),Óxidos (REO),Óxidos de terras raras (REO),Vietnam,VNM,2015,250,Estimates.,Informativo: estimado
Terras raras – óxidos (REO),Óxidos (REO),Óxidos de terras raras (REO),Vietnam,VNM,2016,220,Estimates.,Informativo: estimado
Terras raras – óxidos (REO),Óxidos (REO),Óxidos de terras raras (REO),Vietnam,VNM,2017,200,Estimates.,Informativo: estimado
Terras raras – óxidos (REO),Óxidos (REO),Óxidos de terras raras (REO),Vietnam,VNM,2018,920,Estimates.,Informativo: estimado
Terras raras – óxidos (REO),Óxidos (REO),Óxidos de terras raras (REO),Vietnam,VNM,2019,1300,Estimates.,Informativo: estimado
Terras raras – óxidos (REO),Óxidos (REO),Óxidos de terras raras (REO),Vietnam,VNM,2020,690,Estimates.,Informativo: estimado
Terras raras – óxidos (REO),Óxidos (REO),Óxidos de terras raras (REO),Vietnam,VNM,2021,440,Estimates.,Informativo: estimado
Terras raras – óxidos (REO),Óxidos (REO),Óxidos de terras raras (REO),Vietnam,VNM,2022,1200,Estimates.,Informativo: estimado
Terras raras – óxidos (REO),Óxidos (REO),Óxidos de terras raras (REO),Vietnam,VNM,2023,300,Estimates.,Informativo: estimado
Terras raras – óxidos (REO),Óxidos (REO),Óxidos de terras raras (REO),Vietnam,VNM,2024,300,Estimates.,Informativo: estimado
